date,Q_m3d,streamflow_m3d,storage_m3,substeps
2008-10-01,-41139.27653773903,-38716.811264775664,47668.0993773407,243
2008-10-02,-36526.70432230885,-34433.621265522925,84194.80369964955,243
2008-10-03,-32537.503305662714,-30724.317509989098,116732.30700531226,243
2008-10-04,-29081.766316280526,-27513.205862334395,145814.0733215928,243
2008-10-05,-26091.72114945657,-24738.60006990236,171905.79447104936,243
2008-10-06,-23507.784179100563,-22336.032632235907,195413.57865014992,243
2008-10-07,-21266.67014029331,-20248.851031714952,216680.24879044323,243
2008-10-08,-19318.201408653433,-18431.9970401314,235998.45019909667,243
2008-10-09,-17618.98094119405,-16843.963576502563,253617.43114029072,243
2008-10-10,-16131.293563791522,-15451.891678083377,269748.72470408224,243
2008-10-11,-14824.717344783654,-14227.317069527251,284573.4420488659,243
2008-10-12,-13661.295677805494,-13145.842143649752,298234.7377266714,243
2008-10-13,-12627.618538282812,-12188.448579664251,310862.3562649542,243
2008-10-14,-11721.685343434103,-11336.154951174298,322584.0416083883,243
2008-10-15,-10914.73935474339,-10574.240255153449,333498.7809631317,243
2008-10-16,-10192.176828970725,-9890.455413118581,343690.9577921024,243
2008-10-17,-9541.972241614189,-9273.491588103994,353232.9300337166,243
2008-10-18,-8954.629816057743,-8715.453932582772,362187.55984977435,243
2008-10-19,-8422.68724653154,-8209.185661214522,370610.2470963059,243
2008-10-20,-7939.112077602826,-7748.031034923188,378549.3591739087,243
2008-10-21,-7498.043233947596,-7326.97625341365,386047.4024078563,243
2008-10-22,-7094.722012720536,-6941.547613529366,393142.12442057685,243
2008-10-23,-6724.878241683706,-6587.629637745947,399867.00266226055,243
2008-10-24,-6384.551345960819,-6261.553846206374,406251.55400822137,243
2008-10-25,-6070.586038836511,-5960.618920359147,412322.1400470579,243
2008-10-26,-5780.392140722019,-5682.411600782294,418102.5321877799,243
2008-10-27,-5511.798122364911,-5424.938815041487,423614.3303101448,243
2008-10-28,-5262.943231798592,-5186.457858297107,428877.2735419434,243
2008-10-29,-5031.900597921223,-4964.934372936952,433909.1741398646,243
2008-10-30,-4816.955276402063,-4758.885354930692,438726.1294162667,243
2008-10-31,-4616.335442577605,-4566.408144117321,443342.4648588443,243
2008-11-01,-4428.796584844356,-4386.719665881004,447771.26144368865,243
2008-11-02,-4253.212126722676,-4218.386692386688,452024.4735704113,243
2008-11-03,-4088.4014896591543,-4060.427304520807,456112.8750600705,243
2008-11-04,-3933.4215642774943,-3911.9132374860624,460046.296624348,243
2008-11-05,-3787.4548855201574,-3772.1165186740473,463833.75150986813,243
2008-11-06,-3649.894715124101,-3640.432164568045,467483.64622499223,243
2008-11-07,-3520.07289843075,-3516.1087127858245,471003.719123423,243
2008-11-08,-3397.4052161863074,-3398.6888880155943,474401.1243396093,243
2008-11-09,-3281.4613674677094,-3287.6293879191517,477682.585707077,243
2008-11-10,-3171.6846803674707,-3182.464506001105,480854.27038744447,243
2008-11-11,-3067.7369030758855,-3082.8513115089345,483922.00729052036,243
2008-11-12,-2969.1603905120282,-2988.242532202119,486891.1676810324,243
2008-11-13,-2875.5282402481535,-2898.391477298813,489766.69592128054,243
2008-11-14,-2786.511777681182,-2812.8413141381657,492553.2076989617,243
2008-11-15,-2701.713294719346,-2731.2888918252756,495254.92099368107,243
2008-11-16,-2620.9078025589115,-2653.4761199161744,497875.82879624,243
2008-11-17,-2543.8211334117223,-2579.1913746265905,500419.6499296517,243
2008-11-18,-2470.227360866207,-2508.255167103603,502889.8772905179,243
2008-11-19,-2399.9079602155834,-2440.445241289161,505289.7852507335,243
2008-11-20,-2332.6947366995737,-2375.627414053721,507622.47998743306,243
2008-11-21,-2268.3633526299964,-2313.516354273768,509890.84334006306,243
2008-11-22,-2206.6929431355675,-2253.9823539219587,512097.5362831986,243
2008-11-23,-2147.5544545629527,-2196.867764578932,514245.0907377616,243
2008-11-24,-2090.771210054634,-2142.008830725915,516335.8619478162,243
2008-11-25,-2036.1939903079183,-2089.3199011403376,518372.05593812413,243
2008-11-26,-1983.7671400551335,-2038.7020332473774,520355.82307817927,243
2008-11-27,-1933.3474831116037,-1990.0152046479147,522289.17056129087,243
2008-11-28,-1884.7891085710144,-1943.1239827515742,524173.9596698619,243
2008-11-29,-1837.9866280886927,-1897.9355365350777,526011.9462979506,243
2008-11-30,-1792.8815217925003,-1854.427589666595,527804.8278197431,243
2008-12-01,-1749.4217852802249,-1812.4999553995226,529554.2496050233,243
2008-12-02,-1707.5105403433554,-1772.0673709967436,531261.7601453667,243
2008-12-03,-1667.0545337188523,-1733.018148411031,532928.8146790855,243
2008-12-04,-1627.9711978497216,-1695.3299715076369,534556.7858769352,243
2008-12-05,-1590.2681926981313,-1658.9532159869116,536147.0540696334,243
2008-12-06,-1553.8207353097387,-1623.763485276191,537700.8748049431,243
2008-12-07,-1518.5602054657647,-1589.7165103487214,539219.4350104089,243
2008-12-08,-1484.4313872159692,-1556.756961917264,540703.8663976248,243
2008-12-09,-1451.4094643458957,-1524.8815704612898,542155.2758619707,243
2008-12-10,-1419.4578388785012,-1494.007047136445,543574.7337008492,243
2008-12-11,-1388.5017532248748,-1464.0774933467708,544963.2354540741,243
2008-12-12,-1358.4908075281419,-1435.0670180186817,546321.7262616022,243
2008-12-13,-1329.4044052369427,-1406.9464568379576,547651.1306668392,243
2008-12-14,-1301.1912659143563,-1379.664962204966,548952.3219327535,243
2008-12-15,-1273.8350271669915,-1353.2262535445539,550226.1569599205,243
2008-12-16,-1247.3016567368759,-1327.5627188090868,551473.4586166574,243
2008-12-17,-1221.5483791907318,-1302.6674263469677,552695.0069958481,243
2008-12-18,-1196.5512050427496,-1278.4852761138254,553891.5582008909,243
2008-12-19,-1172.265584641602,-1254.997500119992,555063.8237855325,243
2008-12-20,-1148.6661526932148,-1232.1692482012963,556212.4899382257,243
2008-12-21,-1125.7163311097538,-1209.9610933434242,557338.2062693355,243
2008-12-22,-1103.3966396307806,-1188.3747452822313,558441.6029089662,243
2008-12-23,-1081.6932442177786,-1167.3766909724836,559523.296153184,243
2008-12-24,-1060.5828003161587,-1146.945575940894,560583.8789535002,243
2008-12-25,-1040.030608776142,-1127.0509059775925,561623.9095622763,243
2008-12-26,-1020.0131170488894,-1107.673900062813,562643.9226793252,243
2008-12-27,-1000.5117500752676,-1088.8002553525632,563644.4344294005,243
2008-12-28,-981.511163531919,-1070.416948706352,564625.9455929324,243
2008-12-29,-962.9950876942603,-1052.5015284457781,565588.9406806267,243
2008-12-30,-944.9387058184948,-1035.0356464854665,566533.8793864452,243
2008-12-31,-927.3274729804834,-1018.0071392276615,567461.2068594256,243
2009-01-01,-910.1499222316779,-1001.4116476176625,568371.3567816573,243
2009-01-02,-893.4000570443459,-985.23293762027,569264.7568387017,243
2009-01-03,-877.0523280232446,-969.453701603533,570141.8091667249,243
2009-01-04,-861.0958733399166,-954.0622347070419,571002.9050400648,243
2009-01-05,-845.5163257402601,-939.0546330897868,571848.4213658051,243
2009-01-06,-830.318636554759,-924.4226260625699,572678.7400023598,243
2009-01-07,-815.4800643009366,-910.1486973713229,573494.2200666608,243
2009-01-08,-800.9787348164245,-896.2091303114487,574295.1988014772,243
2009-01-09,-786.7985022489447,-882.5945692693159,575081.9973037262,243
2009-01-10,-772.9313856185181,-869.3004211744213,575854.9286893447,243
2009-01-11,-759.3718535810476,-856.32249797818,576614.3005429257,243
2009-01-12,-746.1145068296464,-843.6482626575377,577360.4150497554,243
2009-01-13,-733.1436984228203,-831.2657046484122,578093.5587481782,243
2009-01-14,-720.4497760341037,-819.166547819357,578814.0085242123,243
2009-01-15,-708.0240884444211,-807.343080265814,579522.0326126567,243
2009-01-16,-695.8594782189466,-795.7883877136985,580217.8920908757,243
2009-01-17,-683.950167549774,-784.4966724542436,580901.8422584254,243
2009-01-18,-672.2922787498683,-773.4648327628632,581574.1345371753,243
2009-01-19,-660.8802737942897,-762.6841773958715,582235.0148109696,243
2009-01-20,-649.7071639813948,-752.146960900535,582884.721974951,243
2009-01-21,-638.7654736200348,-741.8459128754171,583523.487448571,243
2009-01-22,-628.0491348279174,-731.7741932197123,584151.5365833989,243
2009-01-23,-617.5522773303092,-721.9256611873774,584769.0888607292,243
2009-01-24,-607.2693797539687,-712.2947537338779,585376.3582404832,243
2009-01-25,-597.1959915256593,-702.8774030456779,585973.5542320089,243
2009-01-26,-587.3275605745148,-693.6684230049757,586560.8817925834,243
2009-01-27,-577.6603954703314,-684.662254350193,587138.5421880537,243
2009-01-28,-568.186968815513,-675.8531543747683,587706.7291568692,243
2009-01-29,-558.9002103784587,-667.235895138514,588265.6293672477,243
2009-01-30,-549.7938691361342,-658.8054596485994,588815.4232363838,243
2009-01-31,-540.8616138112266,-650.5571355102162,589356.284850195,243
2009-02-01,-532.0976680249441,-642.4866679545847,589888.38251822,243
2009-02-02,-523.4962089818437,-634.5900273987274,590411.8787272018,243
2009-02-03,-515.0520111481892,-626.8632379027043,590926.93073835,243
2009-02-04,-506.75953596574254,-619.3023436481168,591433.6902743158,243
2009-02-05,-498.61403542372864,-611.9034653559145,591932.3043097395,243
2009-02-06,-490.61072022805456,-604.6624060520669,592422.9150299676,243
2009-02-07,-482.74600492289755,-597.5765649436347,592905.6610348905,243
2009-02-08,-475.01724991505034,-590.6421919283449,593380.6782848055,243
2009-02-09,-467.4235789475497,-583.8585868056392,593848.101863753,243
2009-02-10,-459.9644933384843,-577.2212489094173,594308.0663570915,243
2009-02-11,-452.63616791262757,-570.723807052166,594760.7025250042,243
2009-02-12,-445.43748485145625,-564.3632383172078,595206.1400098556,243
2009-02-13,-438.3691459076945,-558.1366114899533,595644.5091557633,243
2009-02-14,-431.43233934335876,-552.0410713536879,596075.9414951067,243
2009-02-15,-424.62849473953247,-546.0737832354646,596500.5699898462,243
2009-02-16,-417.9590524833184,-540.2319287503642,596918.5290423295,243
2009-02-17,-411.4242371584987,-534.5127091007841,597329.953279488,243
2009-02-18,-405.02571309299674,-528.9138212366789,597734.978992581,243
2009-02-19,-398.76482237002347,-523.4325344923119,598133.743814951,243
2009-02-20,-392.64098437526263,-518.0659079126505,598526.3847993263,243
2009-02-21,3630.5134337135532,1174.111419814707,700186.9740745064,238
2009-02-22,31935.081485863484,8177.083838308444,1169983.3993686768,229
2009-02-23,22174.005676410772,8423.951208001723,1269528.5068763716,237
2009-02-24,12530.662003930816,7248.073417964126,1258253.44676879,241
2009-02-25,23077.252491773106,8882.134927581053,1386764.2284899903,236
2009-02-26,13260.581864828942,7876.704923079338,1373503.6466251614,242
2009-02-27,11606.278101296164,7340.5737018649415,1361897.3685238652,242
2009-02-28,13874.139238505057,7619.2853129722125,1391644.8813118944,240
2009-03-01,49527.49067742395,12065.366703281026,1690484.405424709,232
2009-03-02,64219.48708218918,14424.020268726363,1918230.54266395,232
2009-03-03,39730.80009200811,14183.531291163345,1976017.146704886,237
2009-03-04,27565.234377016954,13081.08870933545,1960685.30409598,241
2009-03-05,24201.30658983835,12208.656593705757,1936483.9975061417,242
2009-03-06,22631.450736043043,11556.917650833246,1913852.5467700986,242
2009-03-07,21496.65829933295,11017.499543908347,1892355.8884707657,243
2009-03-08,20504.48364522215,10545.55371488439,1871851.4048255435,243
2009-03-09,19624.433683142764,10122.57711916663,1852226.9711424008,243
2009-03-10,18870.521459943615,9736.878089550552,1833356.4496824571,243
2009-03-11,18227.322529307567,9378.127473203305,1815129.1271531496,243
2009-03-12,17638.54193384922,9040.782842087445,1797490.5852193004,243
2009-03-13,17028.361653084867,8724.27182926311,1780462.2235662155,243
2009-03-14,16389.38633283414,8428.130546381859,1764072.8372333813,243
2009-03-15,15793.709590947954,8150.71838909,1748279.1276424334,243
2009-03-16,15228.14017033414,7889.798075858436,1733050.9874720993,243
2009-03-17,14689.337125414051,7644.075658931535,1718361.6503466852,243
2009-03-18,14170.260691942647,7412.636670276821,1704191.3896547426,243
2009-03-19,13673.634253999684,7194.453783197994,1690517.7554007429,243
2009-03-20,13205.874366029864,6988.192750346167,1677311.881034713,243
2009-03-21,12774.540039354702,6791.689663223559,1664537.3409953583,243
2009-03-22,12366.186405530432,6604.028001114308,1652171.1545898279,243
2009-03-23,11976.320440697717,6424.8780368230555,1640194.8341491302,243
2009-03-24,11610.355804115767,6254.037095085911,1628584.4783450144,243
2009-03-25,11265.381158021046,6090.855738092167,1617319.0971869933,243
2009-03-26,10930.59912306862,5934.966491435251,1606388.4980639247,243
2009-03-27,10604.611030382337,5786.055026457362,1595783.8870335424,243
2009-03-28,10294.655027153436,5643.442420519186,1585489.232006389,243
2009-03-29,9996.74761165469,5506.683940775513,1575492.4843947343,243
2009-03-30,9712.332698065788,5375.359373170115,1565780.1516966685,243
2009-03-31,9440.145207947586,5249.153996710151,1556340.006488721,243
2009-04-01,9179.403997584945,5127.47953187408,1547160.602491136,243
2009-04-02,8929.346717229346,5010.240325429351,1538231.2557739066,243
2009-04-03,8690.043532730779,4897.3063883186,1529541.2122411758,243
2009-04-04,8461.579104470322,4788.515381900286,1521079.6331367055,243
2009-04-05,8243.566840780899,4683.60844281644,1512836.0662959246,243
2009-04-06,8033.726378296735,4582.302945152001,1504802.3399176279,243
2009-04-07,7833.826518240152,4484.282803221313,1496968.5133993877,243
2009-04-08,7642.086942656897,4389.4310874764515,1489326.4264567308,243
2009-04-09,7455.755271687638,4297.538332856853,1481870.6711850432,243
2009-04-10,7274.5203978212085,4208.667384162402,1474596.150787222,243
2009-04-11,7100.120541878045,4122.657490873157,1467496.030245344,243
2009-04-12,6935.062085170299,4039.197745219528,1460560.9681601736,243
2009-04-13,6776.740622767014,3958.3296163896307,1453784.2275374066,243
2009-04-14,6624.645942969248,3879.706913670279,1447159.5815944374,243
2009-04-15,6477.851164548425,3803.091848128109,1440681.730429889,243
2009-04-16,6335.615480614128,3728.437217530951,1434346.1149492748,243
2009-04-17,6197.940493331756,3655.838924459202,1428148.174455943,243
2009-04-18,6065.074089116417,3585.2400592167337,1422083.1003668266,243
2009-04-19,5936.162441982189,3516.642142448453,1416146.9379248444,243
2009-04-20,5812.524324435508,3449.9688276658508,1410334.413600409,243
2009-04-21,5693.546515761409,3385.094977378634,1404640.8670846475,243
2009-04-22,5578.188610160956,3321.9930795745786,1399062.6784744866,243
2009-04-23,5466.057406649925,3260.662596955027,1393596.6210678366,243
2009-04-24,5357.734083201969,3201.078504924238,1388238.8869846347,243
2009-04-25,5253.940195980482,3143.11654727779,1382984.9467886542,243
2009-04-26,5154.1256111627445,3086.8249764720226,1377830.8211774915,243
2009-04-27,5058.126078722067,3032.183512894086,1372772.6950987694,243
2009-04-28,4965.029362922534,2979.130384427557,1367807.6657358469,243
2009-04-29,4874.403565339046,2927.636821462325,1362933.2621705078,243
2009-04-30,4786.48609301704,2877.6516607128383,1358146.7760774908,243
2009-05-01,4701.0828452324495,2829.0731932364906,1353445.6932322583,243
2009-05-02,4618.716845249757,2781.7740578366856,1348826.9763870086,243
2009-05-03,4539.22620057757,2735.8482476700874,1344287.750186431,243
2009-05-04,31874.991519845033,7799.93075152208,1649465.9077256327,232
2009-05-05,13097.075897356495,6846.15603526211,1636368.8318282762,242
2009-05-06,12602.567984839634,6502.854511075797,1633666.9712864105,242
2009-05-07,11318.733265687712,6126.767532799151,1622348.2380207228,242
2009-05-08,10682.589929084294,5846.4181678764735,1611665.6480916385,243
2009-05-09,10218.426808443153,5614.4607882404425,1601447.2212831953,243
2009-05-10,9824.208170169033,5415.7355533812115,1591623.0131130263,243
2009-05-11,9481.723856068915,5239.850009575278,1582141.2892569574,243
2009-05-12,9168.957201591693,5081.744703985084,1572972.3320553657,243
2009-05-13,8876.84080419736,4939.374652763239,1564095.4912511683,243
2009-05-14,8608.569388106465,4809.235424771765,1555486.9218630618,243
2009-05-15,8365.585650767898,4687.5732955162575,1547121.336212294,243
2009-05-16,8137.099132217234,4573.436189375787,1538984.2370800767,243
2009-05-17,7921.187061865348,4466.310627546448,1531063.0500182114,243
2009-05-18,7716.361765343929,4365.467664244116,1523346.6882528674,243
2009-05-19,7523.138217742788,4270.008757304033,1515823.5500351246,243
2009-05-20,7340.821840643417,4179.196545840149,1508482.7281944812,243
2009-05-21,7167.530413275119,4092.657234776976,1501315.197781206,243
2009-05-22,7001.997348784003,4009.8997437490866,1494313.200432422,243
2009-05-23,6842.376371981576,3930.570116516877,1487470.8240604405,243
2009-05-24,6689.002405332634,3854.3032978863325,1480781.821655108,243
2009-05-25,6542.155184779083,3780.6362406518188,1474239.6664703288,243
2009-05-26,6401.269619965926,3709.3522352521413,1467838.396850363,243
2009-05-27,6267.048420149367,3640.083707546475,1461571.3484302135,243
2009-05-28,6136.613724181429,3572.683027259424,1455434.734706032,243
2009-05-29,6009.258825049736,3507.0655820727675,1449425.4758809824,243
2009-05-30,5887.463252701564,3443.1765677219805,1443538.0126282808,243
2009-05-31,5771.542491644621,3380.957998550287,1437766.4701366362,243
2009-06-01,5659.248048112029,3320.2480006460887,1432107.2220885241,243
2009-06-02,5550.41512450017,3261.114347309966,1426556.806964024,243
2009-06-03,5444.901196253952,3203.4458912607256,1421111.90576777,243
2009-06-04,5342.798798676813,3147.2471623438823,1415769.1069690932,243
2009-06-05,5243.6439903064165,3092.524506508071,1410525.4629787868,243
2009-06-06,5147.558574504685,3039.2005248154705,1405377.904404282,243
2009-06-07,5054.94353516493,2987.2956232870865,1400322.9608691172,243
2009-06-08,4965.687188448152,2936.7810365592177,1395357.273680669,243
2009-06-09,4878.52497244603,2887.624342010457,1390478.748708223,243
2009-06-10,4793.704149113502,2839.7934737535425,1385685.0445591095,243
2009-06-11,4711.1353287701495,2793.252930841887,1380973.9092303393,243
2009-06-12,4630.577770401025,2747.955479889587,1376343.3314599383,243
2009-06-13,4552.657428147737,2703.8392489553166,1371790.6740317906,243
2009-06-14,4476.80157070281,2660.9582443001495,1367313.8724610878,243
2009-06-15,4403.240809486713,2619.154392503651,1362910.631651601,243
2009-06-16,4331.756334714359,2578.3257727321516,1358578.8753168867,243
2009-06-17,4261.882586489897,2538.557572352422,1354316.9927303968,243
2009-06-18,4194.352020935621,2499.845402712145,1350122.6407094612,243
2009-06-19,4129.45464845188,2462.1650216212,1345993.1860610093,243
2009-06-20,4066.19498111587,2425.4899514450235,1341926.9910798934,243
2009-06-21,4004.4360991385765,2389.7945358831253,1337922.5549807549,243
2009-06-22,3943.982896020636,2355.0452785492066,1333978.5720847342,243
2009-06-23,3884.776176302228,2321.1699643677543,1330093.795908432,243
2009-06-24,3826.7396405169275,2288.1814124032194,1326267.056267915,243
2009-06-25,3769.9534991972614,2256.073540561432,1322497.1027687178,243
2009-06-26,3714.5268126637675,2224.818170742988,1318782.575956054,243
2009-06-27,3660.478108010022,2194.389916316835,1315122.097848044,243
2009-06-28,3607.5865391639527,2164.75881848607,1311514.51130888,243
2009-06-29,3555.788509220816,2135.879514677612,1307958.7227996592,243
2009-06-30,3505.1235240637325,2107.745623653705,1304453.5992755955,243
2009-07-01,3455.5673777798656,2080.329882664819,1300998.0318978156,243
2009-07-02,3407.427226708038,2053.606390249735,1297590.6046711076,243
2009-07-03,3360.4966986393556,2027.556498385518,1294230.1079724682,243
2009-07-04,3314.683993730461,2002.1652638131097,1290915.4239787378,243
2009-07-05,3270.5033032535575,1977.4096188487254,1287644.9206754842,243
2009-07-06,3227.5261032723356,1953.2120495079564,1284417.394572212,243
2009-07-07,3185.3848990623374,1929.6185366304367,1281232.0096731496,243
2009-07-08,3144.1797732962295,1906.576013537365,1278087.8298998533,243
2009-07-09,3103.9863441723865,1884.108651956045,1274983.843555681,243
2009-07-10,3064.841134918388,1862.1867768285858,1271919.0024207626,243
2009-07-11,3026.5967996611726,1840.7919123867848,1268892.4056211014,243
2009-07-12,2989.295920816716,1819.910156423547,1265903.1097002847,243
2009-07-13,2953.5429161456414,1799.5217551404198,1262949.566784139,243
2009-07-14,2919.0737994706724,1779.6052492396,1260030.4929846684,243
2009-07-15,2885.325878882548,1760.1402412370567,1257145.1671057858,243
2009-07-16,2852.2069369517267,1741.0575631297195,1254292.960168834,243
2009-07-17,2819.8403051269706,1722.373112310541,1251473.119863707,243
2009-07-18,2788.290402043145,1704.0761333931357,1248684.829461664,243
2009-07-19,2757.3203905699775,1686.1547274920736,1245927.509071094,243
2009-07-20,2727.1515202263836,1668.5556785560777,1243200.3575508676,243
2009-07-21,2697.7420041617006,1651.2819006167103,1240502.615546706,243
2009-07-22,2668.889140331885,1634.316155178435,1237833.726406374,243
2009-07-23,2640.5563880149275,1617.6851815280295,1235193.170018359,243
2009-07-24,2612.703526580939,1601.386904030901,1232580.4664917781,243
2009-07-25,2585.323824555846,1585.4171223465326,1229995.1426672223,243
2009-07-26,2558.388222452486,1569.7701808286472,1227436.7544447698,243
2009-07-27,2531.9096347501036,1554.4365735021838,1224904.8448100197,243
2009-07-28,2506.0628688284196,1539.4027608994818,1222398.7819411913,243
2009-07-29,2480.8068770698737,1524.6600182515529,1219917.9750641214,243
2009-07-30,2456.0717887191568,1510.1882615576133,1217461.9032754023,243
2009-07-31,2431.74065050669,1495.9711211010724,1215030.1626248956,243
2009-08-01,2407.7417204310186,1482.0062856165623,1212622.4209044646,243
2009-08-02,2384.1848562266678,1468.2926056879348,1210238.236048238,243
2009-08-03,2361.054401200032,1454.8267121104554,1207877.1816470379,243
2009-08-04,2338.419327593874,1441.6038060811404,1205538.762319444,243
2009-08-05,2316.123071253998,1428.6168919754832,1203222.63924819,243
2009-08-06,2294.3128001824953,1415.8620559481892,1200928.3264480075,243
2009-08-07,2272.9700795724057,1403.3351704404834,1198655.356368435,243
2009-08-08,2252.0314085860737,1391.0318748955228,1196403.324959849,243
2009-08-09,2231.3381785880774,1378.925616888905,1194171.986781261,243
2009-08-10,2210.861048051389,1367.010432902181,1191961.1257332095,243
2009-08-11,2190.7420035703108,1355.3159097241626,1189770.3837296392,243
2009-08-12,2171.1094443302136,1343.8168697265908,1187599.274285309,243
2009-08-13,2151.7318402430974,1332.5115767043526,1185447.542445066,243
2009-08-14,2132.5906150769442,1321.3975321698092,1183314.951829989,243
2009-08-15,2113.6828641789034,1310.4703187351927,1181201.26896581,243
2009-08-16,2095.0058018337004,1299.7267399234445,1179106.2631639764,243
2009-08-17,2076.557334996527,1289.163564565567,1177029.7058289798,243
2009-08-18,2058.334959676955,1278.7771588305118,1174971.370869303,243
2009-08-19,2040.335879364051,1268.5640575038053,1172931.0349899388,243
2009-08-20,2022.5572836499196,1258.520527512147,1170908.477706289,243
2009-08-21,2004.9953152704984,1248.641677432741,1168903.4823910184,243
2009-08-22,1987.6462272114586,1238.9239247336166,1166915.836163807,243
2009-08-23,1970.50705951103,1229.3640505768742,1164945.329104296,243
2009-08-24,1953.582769434899,1219.9588832639865,1162991.746334861,243
2009-08-25,1936.9683394762687,1210.7033557871378,1161054.7779953848,243
2009-08-26,1920.6133793368936,1201.5913190078586,1159134.1646160479,243
2009-08-27,1904.65026908461,1192.6213290095125,1157229.5143469633,243
2009-08-28,1888.920201225439,1183.7853827655028,1155340.5941457378,243
2009-08-29,1873.374111927813,1175.0864865988276,1153467.22003381,243
2009-08-30,1858.014560379088,1166.523149165977,1151609.205473431,243
2009-08-31,1842.8835594155826,1158.0930343157656,1149766.3219140153,243
2009-09-01,1828.0227262030821,1149.7935039985553,1147938.2991878123,243
2009-09-02,1813.4661764155608,1141.6219680278673,1146124.8330113967,243
2009-09-03,1799.2294000259135,1133.5757568808203,1144325.6036113708,243
2009-09-04,1785.4370277181733,1125.6522135477733,1142540.1665836526,243
2009-09-05,1772.0299264134374,1117.8487721920546,1140768.1366572392,243
2009-09-06,1758.8758588721976,1110.162845584263,1139009.260798367,243
2009-09-07,1745.9312084063422,1102.5916914603229,1137263.3295899606,243
2009-09-08,1733.204830906121,1095.128026072534,1135530.1247590545,243
2009-09-09,1720.6274142907932,1087.7665240575482,1133809.4973447637,243
2009-09-10,1708.1546687430236,1080.5060161415338,1132101.3426760207,243
2009-09-11,1695.7885660226457,1073.3452165993037,1130405.554109998,243
2009-09-12,1683.5366118217353,1066.2820144260445,1128722.0174981763,243
2009-09-13,1671.3957784886006,1059.313862505329,1127050.6217196877,243
2009-09-14,1659.3628694906365,1052.439124219781,1125391.258850197,243
2009-09-15,1647.460359891178,1045.6501699899377,1123743.798490306,243
2009-09-16,1635.7298606149852,1038.9420347780676,1122108.068629691,243
2009-09-17,1624.19193979376,1032.3103121082852,1120483.8766898972,243
2009-09-18,1612.7640822262038,1025.7542346631785,1118871.112607671,243
2009-09-19,1601.455470498884,1019.273148076767,1117269.657137172,243
2009-09-20,1590.2468403193634,1012.8670373288556,1115679.4102968527,243
2009-09-21,1579.1334888627753,1006.5360534812776,1114100.27680799,243
2009-09-22,1568.117049507331,1000.28021252449,1112532.1597584826,243
2009-09-23,1557.1957236924209,994.0958173366931,1110974.9640347902,243
2009-09-24,1546.3707458146382,987.9865463366791,1109428.5932889755,243
2009-09-25,1535.6440781105775,981.9517949252265,1107892.949210865,243
2009-09-26,1525.0155984400772,975.9908395413895,1106367.9336124249,243
2009-09-27,1514.4850027940702,970.1028468751241,1104853.4486096308,243
2009-09-28,1504.0496041725855,964.2793118408621,1103349.3990054582,243
2009-09-29,1493.7002400616184,958.5192215350356,1101855.6987653966,243
2009-09-30,1483.4445651192218,952.8288384943093,1100372.2542002774,243
2009-10-01,1473.2839550427161,947.2072694404369,1098898.9702452347,243
2009-10-02,1463.216276266612,941.6398656296086,1097435.753968968,243
2009-10-03,1453.2376552568749,936.0877496930589,1095982.5163137112,243
2009-10-04,1443.4375060496386,930.5991029433546,1094539.0788076615,243
2009-10-05,1433.7846386975143,925.1700811693124,1093105.294168964,243
2009-10-06,1424.2582848286256,919.8010068070613,1091681.0358841354,243
2009-10-07,1414.9526998712681,914.493558479775,1090266.0831842641,243
2009-10-08,1405.7426918048877,909.2462207165734,1088860.3404924592,243
2009-10-09,1396.6975163517054,904.0580337884788,1087463.6429761075,243
2009-10-10,1387.8399447586853,898.9284299854969,1086075.8030313489,243
2009-10-11,1379.065737776924,893.856986284102,1084696.737293572,243
2009-10-12,1370.373685524566,888.8428031870142,1083326.3636080474,243
2009-10-13,1361.7789132148027,883.8848727767678,1081964.5846948326,243
2009-10-14,1353.2998563791625,878.9816936727021,1080611.2848384534,243
2009-10-15,1344.9254661598243,874.1300840562177,1079266.3593722936,243
2009-10-16,1336.7654402784538,869.3279575305094,1077929.5939320151,243
2009-10-17,1328.7444397949148,864.5764249674087,1076600.8494922202,243
2009-10-18,1320.8887099025305,859.8753161209521,1075279.9607823177,243
2009-10-19,1313.1145389033481,855.2240556579688,1073966.8462434143,243
2009-10-20,1305.4137197316159,850.6220177096229,1072661.4325236827,243
2009-10-21,1297.8438797937706,846.0574807372911,1071363.588643889,243
2009-10-22,1290.3928422764875,841.5137925370649,1070073.1958016125,243
2009-10-23,1283.0060722040944,837.0166876828437,1068790.1897294084,243
2009-10-24,1275.7196061147843,832.5686206541951,1067514.4701232936,243
2009-10-25,1268.515511711128,828.1685945620341,1066245.9546115824,243
2009-10-26,1261.4202253520489,823.8155805678349,1064984.5343862304,243
2009-10-27,1254.5138379076961,819.5085087815593,1063730.0205483227,243
2009-10-28,1247.7385782990605,815.2462708471505,1062482.2819700236,243
2009-10-29,1241.0169115811586,811.0279096911422,1061241.2650584425,243
2009-10-30,1234.3482976127416,806.8525280698766,1060006.9167608297,243
2009-10-31,1227.7350063999183,802.7192641437053,1058779.1817544298,243
2009-11-01,1221.2420828726608,798.6272293739386,1057557.9396715572,243
2009-11-02,1214.8310357944574,794.5756115381407,1056343.1086357627,243
2009-11-03,1208.4707587803714,790.5637359692518,1055134.6378769823,243
2009-11-04,1202.1590742303524,786.5908557205689,1053932.478802752,243
2009-11-05,1195.895479314262,782.6562447517653,1052736.5833234377,243
2009-11-06,1189.679465097608,778.7592093279759,1051546.90385834,243
2009-11-07,1183.5109114046209,774.8837355368227,1050363.3929469355,243
2009-11-08,1177.4271972235292,771.0319957467475,1049185.965749712,243
2009-11-09,1171.4663001899607,767.2119651056581,1048014.499449522,243
2009-11-10,1165.557285204297,763.4238326361981,1046848.9421643177,243
2009-11-11,1159.6922056926414,759.6676075325566,1045689.2499586251,243
2009-11-12,1153.8709591415245,755.9431612389459,1044535.3789994835,243
2009-11-13,1148.1060841770377,752.2493807220808,1043387.2729153065,243
2009-11-14,1142.3942937159445,748.5852744445551,1042244.8786215906,243
2009-11-15,1136.7221797049278,744.9507017054489,1041108.1564418856,243
2009-11-16,1131.0900316411862,741.345444085422,1039977.0664102444,243
2009-11-17,1125.497864738456,737.7692241689368,1038851.568545506,243
2009-11-18,1119.9433836344397,734.2218247861055,1037731.6251618715,243
2009-11-19,1114.426731489133,730.7029122134927,1036617.1984303824,243
2009-11-20,1108.9491540412419,727.211808131354,1035508.2492763412,243
2009-11-21,1103.5090320101008,723.7461086664777,1034404.7402443311,243
2009-11-22,1098.1048698658124,720.3055850649084,1033306.6353744653,243
2009-11-23,1092.736777749844,716.8904021482568,1032213.8985967154,243
2009-11-24,1087.4047914315015,713.5005894644719,1031126.4938052839,243
2009-11-25,1082.1088693116326,710.1360738419046,1030044.3849359723,243
2009-11-26,1076.848885767511,706.7967060327152,1028967.5360502048,243
2009-11-27,1071.6324361845618,703.4801493926177,1027895.9036140202,243
2009-11-28,1066.4883578945883,700.1822232331025,1026829.4152561256,243
2009-11-29,1061.453384138411,696.8984540158223,1025767.9618719872,243
2009-11-30,1056.4563471477013,693.6268335293731,1024711.5055248395,243
2009-12-01,1051.523185632308,690.3705736119853,1023659.9823392072,243
2009-12-02,1046.7806037955452,687.1306544254238,1022613.2017354117,243
2009-12-03,1042.0783862943063,683.907296491493,1021571.1233491173,243
2009-12-04,1037.401142905932,680.7018747348882,1020533.7222062114,243
2009-12-05,1032.7488103847718,677.5147164991095,1019500.9733958266,243
2009-12-06,1028.1220199275995,674.3458861928659,1018472.851375899,243
2009-12-07,1023.539265145082,671.1951763634625,1017449.312110754,243
2009-12-08,1018.99268843967,668.0626506993556,1016430.3194223143,243
2009-12-09,1014.5157725608442,664.9419946018969,1015415.8036497534,243
2009-12-10,1010.0832302056951,661.8308078304038,1014405.7204195478,243
2009-12-11,1005.666824922082,658.7308008403133,1013400.0535946257,243
2009-12-12,1001.2680253208382,655.6433349477627,1012398.7855693048,243
2009-12-13,996.9103776835836,652.5694899288313,1011401.8751916212,243
2009-12-14,992.6339847152121,649.5101184059384,1010409.241206906,243
2009-12-15,988.3737006506417,646.4659744314688,1009420.8675062554,243
2009-12-16,984.1286331915762,643.4376571691781,1008436.7388730638,243
2009-12-17,979.909634851967,640.4255338648741,1007456.8292382119,243
2009-12-18,975.7117084871279,637.4288986823573,1006481.1175297247,243
2009-12-19,971.5458918598015,634.4421280034679,1005509.5716378649,243
2009-12-20,967.3887183489278,631.4610077864128,1004542.182919516,243
2009-12-21,963.2541560977697,628.4947779497683,1003578.9287634182,243
2009-12-22,959.1641636437271,625.5415989589319,1002619.7645997745,243
2009-12-23,955.0934998644516,622.6016765633599,1001664.67109991,243
2009-12-24,951.0646464873571,619.6757523445197,1000713.6064534227,243
2009-12-25,947.0813921983354,616.7644051809092,999766.5250612244,243
2009-12-26,943.1149794874946,613.8680874647214,998823.4100817369,243
2009-12-27,939.1660852816422,610.98714900893,997884.2439964552,243
2009-12-28,935.235250197933,608.12185637087,996949.0087462573,243
2009-12-29,931.3228914535139,605.272408454263,996017.6858548038,243
2009-12-30,927.4293260134291,602.4389490877011,995090.2565287903,243
2009-12-31,923.5547892150935,599.6215771392997,994166.7017395752,243
2010-01-01,919.6994497808628,596.8203546780724,993247.0022897944,243
2010-01-02,915.8657669555396,594.0353133663114,992331.1365228388,243
2010-01-03,912.0800248308806,591.2665234573503,991419.056498008,243
2010-01-04,908.3216922535794,588.5138911281338,990510.7348057544,243
2010-01-05,904.5828583337134,585.7772344042947,989606.1519474207,243
2010-01-06,900.8633320140652,583.0563919996447,988705.2886154066,243
2010-01-07,897.1629373320611,580.351218276539,987808.1256780745,243
2010-01-08,893.4815096631646,577.6615794520393,986914.6441684114,243
2010-01-09,889.8187600122765,574.9871500137845,986024.8254083991,243
2010-01-10,886.1681882530684,572.3251220581867,985138.657220146,243
2010-01-11,882.5425344493706,569.6735128169926,984256.1146856967,243
2010-01-12,878.9613896607189,567.0323713688435,983377.153296036,243
2010-01-13,875.395121563226,564.4020505512012,982501.7581744727,243
2010-01-14,871.8429255508818,561.7821264463422,981629.9152489218,243
2010-01-15,868.3046316385735,559.1738882389166,980761.6106172833,243
2010-01-16,864.7839445832651,556.5782158600767,979896.8266727,243
2010-01-17,15597.718241898285,4820.492743018924,1242121.0285058743,233
2010-01-18,81130.6649238643,12346.020768676492,1847612.7737477254,229
2010-01-19,162817.69547764002,17385.94183960138,2405096.2017654087,232
2010-01-20,159542.6556185279,20854.52672540612,2797806.827569268,231
2010-01-21,134893.15388692188,22497.13145038268,3012284.275303824,232
2010-01-22,123925.71238467388,23127.03966514537,3134286.491782285,233
2010-01-23,74332.52101212103,21349.775265655462,3087012.938110498,239
2010-01-24,275226.64674784127,26243.519136789804,3490323.5289980005,230
2010-01-25,344317.7370256948,28709.22535572097,3827697.8080337103,232
2010-01-26,111487.51482262046,25753.556765054444,3721306.3197248485,239
2010-01-27,96726.58742462844,23687.767780143797,3624579.73230022,241
2010-01-28,87248.58504742011,22072.805574760205,3537331.1472528,242
2010-01-29,109720.58107234284,22277.898274938765,3538936.004814408,237
2010-01-30,79412.9450560268,20681.500309629093,3459523.059758381,242
2010-01-31,72627.17574956268,19489.16061100404,3386895.8840088183,242
2010-02-01,67099.29942899058,18460.20679447243,3319796.5845798277,243
2010-02-02,64477.47338811961,17704.264503516082,3265235.9315297687,242
2010-02-03,58763.80010714801,16857.41160879935,3206472.1314226207,243
2010-02-04,188300.92313095997,21948.211862844542,3490436.9836946484,229
2010-02-05,197291.60079357243,23491.268051339153,3644851.795864208,231
2010-02-06,93633.47082118422,21581.02793456102,3585954.2786420956,239
2010-02-07,76563.44694181345,19923.376653530806,3509390.831700282,242
2010-02-08,92225.74983340694,19816.902607223055,3498133.1131474506,239
2010-02-09,68877.06146404799,18481.1225722102,3429256.0516834026,242
2010-02-10,63457.83662012871,17487.54491842869,3365798.215063274,243
2010-02-11,100098.19141246489,18771.269539240937,3419997.8311533127,236
2010-02-12,73400.5394441174,18013.69424951281,3387144.9508819925,240
2010-02-13,60363.80860001873,16929.282060670048,3326781.1422819737,242
2010-02-14,56037.108040207066,16087.597477308296,3270744.0342417667,243
2010-02-15,52473.95731934998,15368.899369458004,3218270.0769224167,243
2010-02-16,49355.64237387385,14730.030958603607,3168914.434548543,243
2010-02-17,46605.86188694369,14154.234537582486,3122308.572661599,243
2010-02-18,44148.868916524574,13626.603102746774,3078159.7037450746,243
2010-02-19,41926.17858722061,13138.585333292353,3036233.525157854,243
2010-02-20,39887.27703304496,12684.992520773956,2996346.248124809,243
2010-02-21,38017.42647272069,12262.89781993316,2958328.8216520883,243
2010-02-22,36294.02905675303,11869.107070891536,2922034.7925953353,243
2010-02-23,297282.78635419323,21247.605369797493,3531322.179707164,232
2010-02-24,70555.2857489083,18968.648376013036,3460766.8939582556,240
2010-02-25,62870.99607649492,17586.465932844432,3397895.8978817607,242
2010-02-26,201115.5808849329,21584.91854334247,3630852.1317644003,230
2010-02-27,75939.63224901707,19518.143518438148,3559629.0253937175,241
2010-02-28,67317.0776721579,18186.312985789988,3492311.9477215596,242
2010-03-01,136726.34764723544,20250.63933608855,3595966.2400207594,234
2010-03-02,174767.1157200617,21860.539340574433,3713024.3597842995,233
2010-03-03,117209.73318577655,21258.379077263242,3711743.9654364362,237
2010-03-04,76211.91634406662,19488.5124268043,3635532.0490923696,242
2010-03-05,69190.339340379,18289.181528314708,3566341.7097519906,242
2010-03-06,63971.861006235704,17322.271350786934,3502369.848745755,243
2010-03-07,59652.78670100961,16507.01703367064,3442717.0620447453,243
2010-03-08,55902.57663245592,15787.587101654863,3386814.4854122894,243
2010-03-09,58583.76598978169,15541.010246814378,3355281.401797618,241
2010-03-10,51046.43737211684,14858.410657135162,3304234.964425501,243
2010-03-11,48125.73159886245,14274.634345973605,3256109.2328266385,243
2010-03-12,145063.4620494572,18617.85149912828,3483221.7754545654,231
2010-03-13,60618.62695216155,16931.93189221949,3422603.148502404,242
2010-03-14,55377.98424026882,15904.46075740629,3367225.164262135,242
2010-03-15,51698.232159386855,15107.23977429625,3315526.932102748,243
2010-03-16,48630.9678726336,14448.681864374019,3266895.9642301146,243
2010-03-17,45960.395031464286,13870.036526517493,3220935.5691986503,243
2010-03-18,43573.60794915259,13351.584962937808,3177361.9612494977,243
2010-03-19,41427.938401652966,12879.044479502252,3135934.0228478448,243
2010-03-20,39474.115181872156,12441.568637899225,3096459.9076659726,243
2010-03-21,37682.50951710576,12034.18739364787,3058777.398148867,243
2010-03-22,36036.31639012974,11654.294473194701,3022741.081758737,243
2010-03-23,34509.08225855697,11299.413648911845,2988231.99950018,243
2010-03-24,33089.547841817606,10966.479943689441,2955142.4516583625,243
2010-03-25,31758.167438987643,10653.906165341656,2923384.284219375,243
2010-03-26,30510.539843811654,10360.084446198207,2892873.744375563,243
2010-03-27,29347.93255178118,10083.379379318787,2863525.811823782,243
2010-03-28,28272.01039788453,9822.155681696091,2835253.8014258975,243
2010-03-29,31269.04756512454,9955.096375367872,2829129.774305457,241
2010-03-30,38875.25335877268,10671.868315629243,2858685.4930058112,240
2010-03-31,80308.44248125644,13812.669799211679,3038940.1809402015,233
2010-04-01,38284.769449562766,12633.21844098603,3000655.4114906387,242
2010-04-02,117198.33019423205,16210.107819129564,3216657.1262429655,232
2010-04-03,47844.29739748081,14643.038227611587,3168812.8288454846,241
2010-04-04,208968.70837070118,19700.148735737857,3495428.517441004,228
2010-04-05,63467.43719406286,17652.13218194271,3431961.080246941,241
2010-04-06,56837.19886270305,16443.767642649604,3375123.881384238,242
2010-04-07,52671.43593444722,15537.14713940915,3322452.445449791,242
2010-04-08,49380.68522667186,14805.657236047356,3273071.760223119,243
2010-04-09,46586.10702362703,14181.34155953569,3226485.653199492,243
2010-04-10,44115.21731015155,13624.994480690837,3182370.4358893405,243
2010-04-11,277163.39226321026,21397.115362976092,3651378.8574386574,229
2010-04-12,83504.21569083267,19628.65437193878,3605545.7420452368,239
2010-04-13,66561.41258889623,18105.794103212724,3538984.3294563405,241
2010-04-14,61007.47736422345,17011.226941231038,3477976.852092117,242
2010-04-15,56789.4808546016,16145.612831701454,3421187.3712375155,242
2010-04-16,53235.462083898485,15412.063655568865,3367951.909153617,243
2010-04-17,50150.25036095595,14766.688392361648,3317801.658792661,243
2010-04-18,47407.3594918414,14186.310282304037,3270394.2993008196,243
2010-04-19,44962.279279991984,13655.873164751045,3225432.0200208277,243
2010-04-20,42734.4778673891,13163.389339619258,3182697.5421534386,243
2010-04-21,40684.52237612568,12705.217626754686,3142013.019777313,243
2010-04-22,38801.43120973278,12279.70674346225,3103211.58856758,243
2010-04-23,37062.163452171255,11884.151057687868,3066149.425115409,243
2010-04-24,35453.68464629026,11515.762544134712,3030695.7404691186,243
2010-04-25,33970.75571093708,11171.073091880495,2996724.9847581815,243
2010-04-26,37213.49654198995,11248.88284094179,2986005.900204093,241
2010-04-27,43797.52003162253,11789.976113557714,3004197.647068288,240
2010-04-28,41320.48196603277,11890.335179776372,3004688.4666039227,241
2010-04-29,33794.220785640646,11362.420292426625,2970894.245818282,242
2010-04-30,32153.7945470782,10947.735784375982,2938740.451271204,243
2010-05-01,30794.64009528281,10582.185115788066,2907945.811175921,243
2010-05-02,29567.178697647993,10252.815198119142,2878378.632478273,243
2010-05-03,28435.472410564777,9949.538368191994,2849943.160067708,243
2010-05-04,27386.174320966937,9669.809648310278,2822556.9857467413,243
2010-05-05,26414.15985680418,9409.76596994599,2796142.825889937,243
2010-05-06,25504.388639610726,9166.74620417849,2770638.4372503264,243
2010-05-07,24647.036770037375,8938.445553920603,2745991.400480289,243
2010-05-08,23844.42324839346,8721.894909098684,2722146.9772318956,243
2010-05-09,23089.948285288177,8516.12603000684,2699057.0289466074,243
2010-05-10,22378.419255331624,8320.412955325763,2676678.6096912757,243
2010-05-11,21705.317052710336,8134.193540309545,2654973.2926385654,243
2010-05-12,21065.424848083407,7956.902967959083,2633907.867790482,243
2010-05-13,20457.97825379204,7787.784882059677,2613449.88953669,243
2010-05-14,19886.602815686725,7626.059214663998,2593563.2867210032,243
2010-05-15,19345.142936169636,7471.072422498042,2574218.1437848336,243
2010-05-16,18832.989260099363,7321.9647659821,2555385.1545247342,243
2010-05-17,18344.30979807768,7178.6038467344915,2537040.8447266566,243
2010-05-18,17876.83099873364,7040.669216479772,2519164.013727923,243
2010-05-19,17430.700652967673,6907.80577725378,2501733.3130749553,243
2010-05-20,17007.835111219436,6779.579545431433,2484725.477963736,243
2010-05-21,16604.203781023156,6655.517828008551,2468121.2741827127,243
2010-05-22,16216.875129887834,6535.424644407951,2451904.399052825,243
2010-05-23,15843.484137149062,6419.138357628399,2436060.9149156758,243
2010-05-24,15485.773376519326,6306.436501550028,2420575.1415391564,243
2010-05-25,15141.082450727,6197.186517512188,2405434.0590884294,243
2010-05-26,23834.389767257468,7188.835445367514,2453909.7737557525,240
2010-05-27,26241.73602441186,7978.349927110187,2499164.619956401,239
2010-05-28,18534.33558681002,7577.844807103674,2480630.284369591,242
2010-05-29,17707.913143222686,7312.9889643967035,2462922.3712263685,243
2010-05-30,17110.54067427758,7089.015007831029,2445811.830552091,243
2010-05-31,16586.290845900774,6895.366855915153,2429225.53970619,243
2010-06-01,16114.494593973272,6720.34532001881,2413111.045112217,243
2010-06-02,15678.034185430966,6560.590229862063,2397433.010926786,243
2010-06-03,15270.38959861733,6413.654204137964,2382162.6213281685,243
2010-06-04,14888.6737619224,6277.372929726149,2367273.947566246,243
2010-06-05,14530.978765143547,6150.137320020479,2352742.9688011026,243
2010-06-06,14192.403398711234,6030.212422903128,2338550.5654023914,243
2010-06-07,13873.369433077052,5916.622780583893,2324677.1959693143,243
2010-06-08,13570.957456348464,5808.613211547712,2311106.238512966,243
2010-06-09,13281.189619157463,5705.427414917031,2297825.0488938084,243
2010-06-10,13002.73592908401,5606.423028126502,2284822.3129647244,243
2010-06-11,12735.833151021972,5511.158472524882,2272086.4798137024,243
2010-06-12,12479.395685911644,5419.10503332414,2259607.0841277908,243
2010-06-13,12231.413804801647,5329.7695227765125,2247375.670322989,243
2010-06-14,11992.78758402355,5242.799177099413,2235382.8827389656,243
2010-06-15,11763.591626623645,5157.915988921775,2223619.291112342,243
2010-06-16,11542.571926309727,5075.079584298528,2212076.719186032,243
2010-06-17,11329.477098046336,4994.344327281701,2200747.242087986,243
2010-06-18,11123.483037817292,4915.728272755638,2189623.7590501686,243
2010-06-19,10923.868505429942,4839.216194104869,2178699.8905447386,243
2010-06-20,10729.467015817761,4764.76208896681,2167970.423528921,243
2010-06-21,10540.340047189035,4692.3244158731495,2157430.083481732,243
2010-06-22,10358.08914783597,4621.849000199614,2147071.994333896,243
2010-06-23,10181.895602123812,4553.1979858210725,2136890.098731772,243
2010-06-24,10011.217391953338,4486.389219332954,2126878.8813398187,243
2010-06-25,9844.784537582193,4421.406752282332,2117034.0968022365,243
2010-06-26,9682.487471711822,4358.165070939344,2107351.6093305247,243
2010-06-27,9524.848691651598,4296.6169769660955,2097826.760638873,243
2010-06-28,9371.627279486507,4236.677471697972,2088455.1333593866,243
2010-06-29,9223.11179926456,4178.283573562929,2079232.021560122,243
2010-06-30,9080.39263177826,4121.356796125001,2070151.6289283438,243
2010-07-01,8942.795882539358,4065.8389856946246,2061208.8330458044,243
2010-07-02,8809.943105054088,4011.5350456820925,2052398.8899407503,243
2010-07-03,8680.488862292841,3958.3722484539094,2043718.4010784575,243
2010-07-04,8554.569877189817,3906.4894431486696,2035163.8312012677,243
2010-07-05,8432.653213038575,3855.8727951237743,2026731.177988229,243
2010-07-06,8313.566597018624,3806.468561099395,2018417.6113912105,243
2010-07-07,8196.947310315678,3758.1892926156147,2010220.6640808948,243
2010-07-08,8082.5910215890035,3711.0689273025505,2002138.0730593058,243
2010-07-09,7971.275555068161,3664.999611614732,1994166.7975042376,243
2010-07-10,7862.066971953725,3619.9581850686955,1986304.730532284,243
2010-07-11,7755.032638341654,3575.936106111123,1978549.6978939422,243
2010-07-12,7650.640765923541,3532.9047564400867,1970899.0571280187,243
2010-07-13,7548.346402799245,3490.8489789404452,1963350.7107252195,243
2010-07-14,7448.109466528054,3449.7548538124524,1955902.6012586914,243
2010-07-15,7349.864160910249,3409.6106254629153,1948552.7370977812,243
2010-07-16,7253.3336654054,3370.397857016132,1941299.4034323758,243
2010-07-17,7159.025167210028,3332.070736463227,1934140.3782651657,243
2010-07-18,7067.047638890101,3294.6351936788133,1927073.3306262756,243
2010-07-19,6977.540954978205,3258.0598974609347,1920095.7896712974,243
2010-07-20,6889.622610088438,3222.320820482055,1913206.167061209,243
2010-07-21,6803.961569813313,3187.3953884374328,1906402.2054913957,243
2010-07-22,6720.537486240035,3153.069754845041,1899681.6680051556,243
2010-07-23,6639.170431185281,3119.4434996384416,1893042.4975739704,243
2010-07-24,6559.1964468802325,3086.5731678022953,1886483.3011270901,243
2010-07-25,6480.767171308864,3054.4204772554945,1880002.5339557813,243
2010-07-26,6404.256636456121,3022.977205144671,1873598.2773193251,243
2010-07-27,6330.083716967376,2992.215441824526,1867268.1936023578,243
2010-07-28,6257.308276617667,2962.109659385907,1861010.88532574,243
2010-07-29,6186.127442189027,2932.629769699412,1854824.757883551,243
2010-07-30,6116.461777119897,2903.7644306613347,1848708.2961064312,243
2010-07-31,6047.973814187106,2875.4933833731825,1842660.322292244,243
2010-08-01,5980.893762745196,2847.795481947692,1836679.4285294989,243
2010-08-02,5914.956401917385,2820.640846851234,1830764.4721275815,243
2010-08-03,5850.167163676349,2793.971698593442,1824914.3049639051,243
2010-08-04,5786.461660277797,2767.7916944806684,1819127.8433036273,243
2010-08-05,5723.7387862131,2742.0964078519114,1813404.1045174142,243
2010-08-06,5661.939258090686,2716.8618720985232,1807742.1652593235,243
2010-08-07,5601.272285630461,2692.0760828304547,1802140.892973693,243
2010-08-08,5541.779376598541,2667.694293295361,1796599.1135970945,243
2010-08-09,5483.584087203955,2643.7129263311167,1791115.5295098906,243
2010-08-10,5426.689010226866,2620.1238193392173,1785688.8404996637,243
2010-08-11,5370.704654837027,2596.956100352901,1780318.1358448267,243
2010-08-12,5315.441816276405,2574.2041663231457,1775002.6940285503,243
2010-08-13,5260.9088554889895,2551.8610613143273,1769741.7851730613,243
2010-08-14,5207.3070981032215,2529.913425240176,1764534.478074958,243
2010-08-15,5154.531334871426,2508.352732993403,1759379.9467400867,243
2010-08-16,5102.719392191153,2487.170119544031,1754277.2273478955,243
2010-08-17,5051.691738970578,2466.3588558284932,1749225.535608925,243
2010-08-18,5001.735527361743,2445.8878013175927,1744223.8000815632,243
2010-08-19,4952.5182978101075,2425.745021003308,1739271.281783753,243
2010-08-20,4904.35440674983,2405.948403212917,1734366.9273770032,243
2010-08-21,4858.135061047506,2386.477793717639,1729508.7923159557,243
2010-08-22,4812.737317220308,2367.3233750470445,1724696.0549987354,243
2010-08-23,4768.172979033086,2348.45781574504,1719927.8820197023,243
2010-08-24,4724.510109865572,2329.8474548616264,1715203.3719098368,243
2010-08-25,4681.734918960836,2311.472336879585,1710521.636990876,243
2010-08-26,4639.8062626677565,2293.358694946612,1705881.8307282082,243
2010-08-27,4598.373764552642,2275.4976338008805,1701283.4569636555,243
2010-08-28,4557.516832080204,2257.885830802891,1696725.9401315753,243
2010-08-29,4517.1351695659105,2240.520046671189,1692208.8049620094,243
2010-08-30,4477.139871462015,2223.3836447721287,1687731.6650905474,243
2010-08-31,4437.531880092341,2206.490353106561,1683294.133210455,243
2010-09-01,4398.380147944903,2189.8413806790613,1678895.7530625102,243
2010-09-02,4359.804646396777,2173.436151954161,1674535.9484161134,243
2010-09-03,4321.816488660639,2157.2701666377798,1670214.1319274527,243
2010-09-04,4284.488210017094,2141.3365633002927,1665929.6437174357,243
2010-09-05,4247.62999173603,2125.6309231111527,1661682.0137256996,243
2010-09-06,4211.146481753094,2110.1523049631182,1657470.8672439465,243
2010-09-07,4175.106390871108,2094.8910102194454,1653295.7608530754,243
2010-09-08,4139.535701018758,2079.8390233301825,1649156.2251520567,243
2010-09-09,4104.325826952467,2064.9963026852633,1645051.8993251042,243
2010-09-10,4069.474164626794,2050.36130135707,1640982.4251604774,243
2010-09-11,4035.057510105893,2035.9204950092362,1636947.3676503715,243
2010-09-12,4001.1384517718107,2021.6831937436639,1632946.2291985997,243
2010-09-13,3967.647594485432,2007.6441856445554,1628978.5816041143,243
2010-09-14,3934.495783109218,1993.8009595251244,1625044.085821005,243
2010-09-15,3901.7182771444786,1980.148734542924,1621142.3675438606,243
2010-09-16,3869.3081786236726,1966.6835259162208,1617273.059365237,243
2010-09-17,3837.217241323786,1953.3990939387336,1613435.842123913,243
2010-09-18,3805.4317891560495,1940.2876163603162,1609630.410334757,243
2010-09-19,3773.944225908257,1927.3542513573295,1605856.4661088488,243
2010-09-20,3742.867531200638,1914.5992162170041,1602113.5985776482,243
2010-09-21,3712.3220199476928,1902.0189906342016,1598401.2765577005,243
2010-09-22,3682.0844047430437,1889.6110846971656,1594719.1921529574,243
2010-09-23,3652.14578669169,1877.3731643639333,1591067.0463662657,243
2010-09-24,3622.5026538106613,1865.3052337658478,1587444.543712455,243
2010-09-25,3593.145724208327,1853.4087681918766,1583851.3979882468,243
2010-09-26,3564.1411150377244,1841.6773221622555,1580287.256873209,243
2010-09-27,3535.5723654830363,1830.1052305228052,1576751.684507726,243
2010-09-28,3507.3162583529484,1818.6863243347382,1573244.368249373,243
2010-09-29,3479.3430348350666,1807.4167171490615,1569765.025214538,243
2010-09-30,3451.6600083198864,1796.2944310780601,1566313.365206218,243
