APN,Month,waterUse_m3Day
W0001,1,0.744590147
W0001,2,0.62459265
W0001,3,0.720742064
W0001,4,0.696893981
W0001,5,1.405144192
W0001,6,2.341654626
W0001,7,3.707052013
W0001,8,3.035520279
W0001,9,2.272003082
W0001,10,1.301045417
W0001,11,0.696893981
W0001,12,0.720742064
W0002,1,0.744590147
W0002,2,0.62459265
W0002,3,0.720742064
W0002,4,0.696893981
W0002,5,1.405144192
W0002,6,2.341654626
W0002,7,3.707052013
W0002,8,3.035520279
W0002,9,2.272381623
W0002,10,1.301045417
W0002,11,0.696893981
W0002,12,0.720742064
W0003,1,0.744590147
W0003,2,0.62459265
W0003,3,0.720742064
W0003,4,0.696893981
W0003,5,1.405144192
W0003,6,2.341654626
W0003,7,3.707052013
W0003,8,3.035520279
W0003,9,2.272381623
W0003,10,1.301045417
W0003,11,0.696893981
W0003,12,0.720742064
W0004,1,0.744590147
W0004,2,0.62459265
W0004,3,0.720742064
W0004,4,0.696893981
W0004,5,1.405144192
W0004,6,2.341654626
W0004,7,3.707052013
W0004,8,3.035520279
W0004,9,2.272381623
W0004,10,1.301045417
W0004,11,0.696893981
W0004,12,0.720742064
W0005,1,0.744590147
W0005,2,0.62459265
W0005,3,0.720742064
W0005,4,0.696893981
W0005,5,1.405144192
W0005,6,2.341654626
W0005,7,3.707052013
W0005,8,3.035520279
W0005,9,2.272381623
W0005,10,1.301045417
W0005,11,0.696893981
W0005,12,0.720742064
W0006,1,0.372484344
W0006,2,0.312296325
W0006,3,0.360371032
W0006,4,0.34825772
W0006,5,0.702572096
W0006,6,1.170827313
W0006,7,1.853336736
W0006,8,1.517570869
W0006,9,1.136001541
W0006,10,0.650333438
W0006,11,0.34825772
W0006,12,0.360371032
W0007,1,0.372484344
W0007,2,0.312296325
W0007,3,0.360371032
W0007,4,0.34825772
W0007,5,0.702572096
W0007,6,1.170827313
W0007,7,1.853336736
W0007,8,1.517570869
W0007,9,1.136001541
W0007,10,0.650333438
W0007,11,0.34825772
W0007,12,0.360371032
W0008,1,0.186242172
W0008,2,0.156337433
W0008,3,0.180185516
W0008,4,0.17412886
W0008,5,0.351286048
W0008,6,0.585602927
W0008,7,0.926668368
W0008,8,0.758974705
W0008,9,0.568190041
W0008,10,0.325166719
W0008,11,0.17412886
W0008,12,0.180185516
W0009,1,0.186242172
W0009,2,0.156337433
W0009,3,0.180185516
W0009,4,0.17412886
W0009,5,0.351286048
W0009,6,0.585602927
W0009,7,0.926668368
W0009,8,0.758974705
W0009,9,0.568190041
W0009,10,0.325166719
W0009,11,0.17412886
W0009,12,0.180185516
W0010,1,0.186242172
W0010,2,0.156337433
W0010,3,0.180185516
W0010,4,0.17412886
W0010,5,0.351286048
W0010,6,0.585602927
W0010,7,0.926668368
W0010,8,0.758974705
W0010,9,0.568190041
W0010,10,0.325166719
W0010,11,0.17412886
W0010,12,0.180185516
W0011,1,0.186242172
W0011,2,0.156337433
W0011,3,0.180185516
W0011,4,0.17412886
W0011,5,0.351286048
W0011,6,0.585602927
W0011,7,0.926668368
W0011,8,0.758974705
W0011,9,0.568190041
W0011,10,0.325166719
W0011,11,0.17412886
W0011,12,0.180185516
W0012,1,0.372484344
W0012,2,0.312296325
W0012,3,0.360371032
W0012,4,0.34825772
W0012,5,0.702572096
W0012,6,1.170827313
W0012,7,1.853336736
W0012,8,1.517570869
W0012,9,1.136001541
W0012,10,0.650333438
W0012,11,0.34825772
W0012,12,0.360371032
W0013,1,0.372484344
W0013,2,0.312296325
W0013,3,0.360371032
W0013,4,0.34825772
W0013,5,0.702572096
W0013,6,1.170827313
W0013,7,1.853336736
W0013,8,1.517570869
W0013,9,1.136001541
W0013,10,0.650333438
W0013,11,0.34825772
W0013,12,0.360371032
W0014,1,0.744590147
W0014,2,0.62459265
W0014,3,0.720742064
W0014,4,0.696893981
W0014,5,1.405144192
W0014,6,2.341654626
W0014,7,3.707052013
W0014,8,3.035520279
W0014,9,2.272381623
W0014,10,1.301045417
W0014,11,0.696893981
W0014,12,0.720742064
W0015,1,0.744590147
W0015,2,0.62459265
W0015,3,0.720742064
W0015,4,0.696893981
W0015,5,1.405144192
W0015,6,2.341654626
W0015,7,3.707052013
W0015,8,3.035520279
W0015,9,2.272381623
W0015,10,1.301045417
W0015,11,0.696893981
W0015,12,0.720742064
W0016,1,0.744590147
W0016,2,0.62459265
W0016,3,0.720742064
W0016,4,0.696893981
W0016,5,1.405144192
W0016,6,2.341654626
W0016,7,3.707052013
W0016,8,3.035520279
W0016,9,2.272381623
W0016,10,1.301045417
W0016,11,0.696893981
W0016,12,0.720742064
W0017,1,0.744590147
W0017,2,0.62459265
W0017,3,0.720742064
W0017,4,0.696893981
W0017,5,1.405144192
W0017,6,2.341654626
W0017,7,3.707052013
W0017,8,3.035520279
W0017,9,2.272381623
W0017,10,1.301045417
W0017,11,0.696893981
W0017,12,0.720742064
W0018,1,0.744590147
W0018,2,0.62459265
W0018,3,0.720742064
W0018,4,0.696893981
W0018,5,1.405144192
W0018,6,2.341654626
W0018,7,3.707052013
W0018,8,3.035520279
W0018,9,2.272381623
W0018,10,1.301045417
W0018,11,0.696893981
W0018,12,0.720742064
W0019,1,0.744590147
W0019,2,0.62459265
W0019,3,0.720742064
W0019,4,0.696893981
W0019,5,1.405144192
W0019,6,2.341654626
W0019,7,3.707052013
W0019,8,3.035520279
W0019,9,2.272381623
W0019,10,1.301045417
W0019,11,0.696893981
W0019,12,0.720742064
W0020,1,0.744590147
W0020,2,0.62459265
W0020,3,0.720742064
W0020,4,0.696893981
W0020,5,1.405144192
W0020,6,2.341654626
W0020,7,3.707052013
W0020,8,3.035520279
W0020,9,2.272381623
W0020,10,1.301045417
W0020,11,0.696893981
W0020,12,0.720742064
W0021,1,0.744590147
W0021,2,0.62459265
W0021,3,0.720742064
W0021,4,0.696893981
W0021,5,1.405144192
W0021,6,2.341654626
W0021,7,3.707052013
W0021,8,3.035520279
W0021,9,2.272381623
W0021,10,1.301045417
W0021,11,0.696893981
W0021,12,0.720742064
W0022,1,0.744590147
W0022,2,0.62459265
W0022,3,0.720742064
W0022,4,0.696893981
W0022,5,1.405144192
W0022,6,2.341654626
W0022,7,3.707052013
W0022,8,3.035520279
W0022,9,2.272381623
W0022,10,1.301045417
W0022,11,0.696893981
W0022,12,0.720742064
W0023,1,0.744590147
W0023,2,0.62459265
W0023,3,0.720742064
W0023,4,0.696893981
W0023,5,1.405144192
W0023,6,2.341654626
W0023,7,3.707052013
W0023,8,3.035520279
W0023,9,2.272003082
W0023,10,1.301045417
W0023,11,0.696893981
W0023,12,0.720742064
W0024,1,0.744590147
W0024,2,0.62459265
W0024,3,0.720742064
W0024,4,0.696893981
W0024,5,1.405144192
W0024,6,2.341654626
W0024,7,3.707052013
W0024,8,3.035520279
W0024,9,2.272003082
W0024,10,1.301045417
W0024,11,0.696893981
W0024,12,0.720742064
W0025,1,0.744590147
W0025,2,0.62459265
W0025,3,0.720742064
W0025,4,0.696893981
W0025,5,1.405144192
W0025,6,2.341654626
W0025,7,3.707052013
W0025,8,3.035520279
W0025,9,2.272003082
W0025,10,1.301045417
W0025,11,0.696893981
W0025,12,0.720742064
W0026,1,0.744590147
W0026,2,0.62459265
W0026,3,0.720742064
W0026,4,0.696893981
W0026,5,1.405144192
W0026,6,2.341654626
W0026,7,3.707052013
W0026,8,3.035520279
W0026,9,2.272003082
W0026,10,1.301045417
W0026,11,0.696893981
W0026,12,0.720742064
W0027,1,0.744590147
W0027,2,0.62459265
W0027,3,0.720742064
W0027,4,0.696893981
W0027,5,1.405144192
W0027,6,2.341654626
W0027,7,3.707052013
W0027,8,3.035520279
W0027,9,2.272003082
W0027,10,1.301045417
W0027,11,0.696893981
W0027,12,0.720742064
W0028,1,0.744590147
W0028,2,0.62459265
W0028,3,0.720742064
W0028,4,0.696893981
W0028,5,1.405144192
W0028,6,2.341654626
W0028,7,3.707052013
W0028,8,3.035520279
W0028,9,2.272003082
W0028,10,1.301045417
W0028,11,0.696893981
W0028,12,0.720742064
W0029,1,0.744590147
W0029,2,0.62459265
W0029,3,0.720742064
W0029,4,0.696893981
W0029,5,1.405144192
W0029,6,2.341654626
W0029,7,3.707052013
W0029,8,3.035520279
W0029,9,2.272003082
W0029,10,1.301045417
W0029,11,0.696893981
W0029,12,0.720742064
W0030,1,0.744590147
W0030,2,0.62459265
W0030,3,0.720742064
W0030,4,0.696893981
W0030,5,1.405144192
W0030,6,2.341654626
W0030,7,3.707052013
W0030,8,3.035520279
W0030,9,2.272003082
W0030,10,1.301045417
W0030,11,0.696893981
W0030,12,0.720742064
W0031,1,0.744590147
W0031,2,0.62459265
W0031,3,0.720742064
W0031,4,0.696893981
W0031,5,1.405144192
W0031,6,2.341654626
W0031,7,3.707052013
W0031,8,3.035520279
W0031,9,2.272003082
W0031,10,1.301045417
W0031,11,0.696893981
W0031,12,0.720742064
W0032,1,0.744590147
W0032,2,0.62459265
W0032,3,0.720742064
W0032,4,0.696893981
W0032,5,1.405144192
W0032,6,2.341654626
W0032,7,3.707052013
W0032,8,3.035520279
W0032,9,2.272003082
W0032,10,1.301045417
W0032,11,0.696893981
W0032,12,0.720742064
W0033,1,0.744590147
W0033,2,0.62459265
W0033,3,0.720742064
W0033,4,0.696893981
W0033,5,1.405144192
W0033,6,2.341654626
W0033,7,3.707052013
W0033,8,3.035520279
W0033,9,2.272003082
W0033,10,1.301045417
W0033,11,0.696893981
W0033,12,0.720742064
W0034,1,0.744590147
W0034,2,0.62459265
W0034,3,0.720742064
W0034,4,0.696893981
W0034,5,1.405144192
W0034,6,2.341654626
W0034,7,3.707052013
W0034,8,3.035520279
W0034,9,2.272003082
W0034,10,1.301045417
W0034,11,0.696893981
W0034,12,0.720742064
W0035,1,0.744590147
W0035,2,0.62459265
W0035,3,0.720742064
W0035,4,0.696893981
W0035,5,1.405144192
W0035,6,2.341654626
W0035,7,3.707052013
W0035,8,3.035520279
W0035,9,2.272003082
W0035,10,1.301045417
W0035,11,0.696893981
W0035,12,0.720742064
W0036,1,0.744590147
W0036,2,0.62459265
W0036,3,0.720742064
W0036,4,0.696893981
W0036,5,1.405144192
W0036,6,2.341654626
W0036,7,3.707052013
W0036,8,3.035520279
W0036,9,2.272381623
W0036,10,1.301045417
W0036,11,0.696893981
W0036,12,0.720742064
W0037,1,0.744590147
W0037,2,0.62459265
W0037,3,0.720742064
W0037,4,0.696893981
W0037,5,1.405144192
W0037,6,2.341654626
W0037,7,3.707052013
W0037,8,3.035520279
W0037,9,2.272003082
W0037,10,1.301045417
W0037,11,0.696893981
W0037,12,0.720742064
W0038,1,0.744590147
W0038,2,0.62459265
W0038,3,0.720742064
W0038,4,0.696893981
W0038,5,1.405144192
W0038,6,2.341654626
W0038,7,3.707052013
W0038,8,3.035520279
W0038,9,2.272003082
W0038,10,1.301045417
W0038,11,0.696893981
W0038,12,0.720742064
W0039,1,0.744590147
W0039,2,0.62459265
W0039,3,0.720742064
W0039,4,0.696893981
W0039,5,1.405144192
W0039,6,2.341654626
W0039,7,3.707052013
W0039,8,3.035520279
W0039,9,2.272003082
W0039,10,1.301045417
W0039,11,0.696893981
W0039,12,0.720742064
W0040,1,0.744590147
W0040,2,0.62459265
W0040,3,0.720742064
W0040,4,0.696893981
W0040,5,1.405144192
W0040,6,2.341654626
W0040,7,3.707052013
W0040,8,3.035520279
W0040,9,2.272003082
W0040,10,1.301045417
W0040,11,0.696893981
W0040,12,0.720742064
W0041,1,0.744590147
W0041,2,0.62459265
W0041,3,0.720742064
W0041,4,0.696893981
W0041,5,1.405144192
W0041,6,2.341654626
W0041,7,3.707052013
W0041,8,3.035520279
W0041,9,2.272003082
W0041,10,1.301045417
W0041,11,0.696893981
W0041,12,0.720742064
W0042,1,0.744590147
W0042,2,0.62459265
W0042,3,0.720742064
W0042,4,0.696893981
W0042,5,1.405144192
W0042,6,2.341654626
W0042,7,3.707052013
W0042,8,3.035520279
W0042,9,2.272381623
W0042,10,1.301045417
W0042,11,0.696893981
W0042,12,0.720742064
W0043,1,0.372484344
W0043,2,0.312296325
W0043,3,0.360371032
W0043,4,0.34825772
W0043,5,0.702572096
W0043,6,1.170827313
W0043,7,1.853336736
W0043,8,1.517570869
W0043,9,1.136001541
W0043,10,0.650333438
W0043,11,0.34825772
W0043,12,0.360371032
W0044,1,0.245673109
W0044,2,0.206304845
W0044,3,0.237723748
W0044,4,0.229774387
W0044,5,0.463712725
W0044,6,0.772602181
W0044,7,1.223444512
W0044,8,1.001619486
W0044,9,0.749889721
W0044,10,0.429265494
W0044,11,0.229774387
W0044,12,0.237723748
W0045,1,0.372484344
W0045,2,0.312296325
W0045,3,0.360371032
W0045,4,0.34825772
W0045,5,0.702572096
W0045,6,1.170827313
W0045,7,1.853336736
W0045,8,1.517570869
W0045,9,1.136001541
W0045,10,0.650333438
W0045,11,0.34825772
W0045,12,0.360371032
W0046,1,0.372484344
W0046,2,0.312296325
W0046,3,0.360371032
W0046,4,0.34825772
W0046,5,0.702572096
W0046,6,1.170827313
W0046,7,1.853336736
W0046,8,1.517570869
W0046,9,1.136001541
W0046,10,0.650333438
W0046,11,0.34825772
W0046,12,0.360371032
W0047,1,0.372484344
W0047,2,0.312296325
W0047,3,0.360371032
W0047,4,0.34825772
W0047,5,0.702572096
W0047,6,1.170827313
W0047,7,1.853336736
W0047,8,1.517570869
W0047,9,1.136001541
W0047,10,0.650333438
W0047,11,0.34825772
W0047,12,0.360371032
W0048,1,0.372484344
W0048,2,0.312296325
W0048,3,0.360371032
W0048,4,0.34825772
W0048,5,0.702572096
W0048,6,1.170827313
W0048,7,1.853336736
W0048,8,1.517570869
W0048,9,1.136001541
W0048,10,0.650333438
W0048,11,0.34825772
W0048,12,0.360371032
W0049,1,0.372484344
W0049,2,0.312296325
W0049,3,0.360371032
W0049,4,0.34825772
W0049,5,0.702572096
W0049,6,1.170827313
W0049,7,1.853336736
W0049,8,1.517570869
W0049,9,1.136001541
W0049,10,0.650333438
W0049,11,0.34825772
W0049,12,0.360371032
W0050,1,0.372484344
W0050,2,0.312296325
W0050,3,0.360371032
W0050,4,0.34825772
W0050,5,0.702572096
W0050,6,1.170827313
W0050,7,1.853336736
W0050,8,1.517570869
W0050,9,1.136001541
W0050,10,0.650333438
W0050,11,0.34825772
W0050,12,0.360371032
W0051,1,0.744590147
W0051,2,0.62459265
W0051,3,0.720742064
W0051,4,0.696893981
W0051,5,1.405144192
W0051,6,2.341654626
W0051,7,3.707052013
W0051,8,3.035520279
W0051,9,2.272003082
W0051,10,1.301045417
W0051,11,0.696893981
W0051,12,0.720742064
W0052,1,0.744590147
W0052,2,0.62459265
W0052,3,0.720742064
W0052,4,0.696893981
W0052,5,1.405144192
W0052,6,2.341654626
W0052,7,3.707052013
W0052,8,3.035520279
W0052,9,2.272003082
W0052,10,1.301045417
W0052,11,0.696893981
W0052,12,0.720742064
W0053,1,0.744590147
W0053,2,0.62459265
W0053,3,0.720742064
W0053,4,0.696893981
W0053,5,1.405144192
W0053,6,2.341654626
W0053,7,3.707052013
W0053,8,3.035520279
W0053,9,2.272003082
W0053,10,1.301045417
W0053,11,0.696893981
W0053,12,0.720742064
W0054,1,0.744590147
W0054,2,0.62459265
W0054,3,0.720742064
W0054,4,0.696893981
W0054,5,1.405144192
W0054,6,2.341654626
W0054,7,3.707052013
W0054,8,3.035520279
W0054,9,2.272003082
W0054,10,1.301045417
W0054,11,0.696893981
W0054,12,0.720742064
W0055,1,0.744590147
W0055,2,0.62459265
W0055,3,0.720742064
W0055,4,0.696893981
W0055,5,1.405144192
W0055,6,2.341654626
W0055,7,3.707052013
W0055,8,3.035520279
W0055,9,2.272003082
W0055,10,1.301045417
W0055,11,0.696893981
W0055,12,0.720742064
W0056,1,0.744590147
W0056,2,0.62459265
W0056,3,0.720742064
W0056,4,0.696893981
W0056,5,1.405144192
W0056,6,2.341654626
W0056,7,3.707052013
W0056,8,3.035520279
W0056,9,2.272003082
W0056,10,1.301045417
W0056,11,0.696893981
W0056,12,0.720742064
W0057,1,0.744590147
W0057,2,0.62459265
W0057,3,0.720742064
W0057,4,0.696893981
W0057,5,1.405144192
W0057,6,2.341654626
W0057,7,3.707052013
W0057,8,3.035520279
W0057,9,2.272003082
W0057,10,1.301045417
W0057,11,0.696893981
W0057,12,0.720742064
W0058,1,0.744590147
W0058,2,0.62459265
W0058,3,0.720742064
W0058,4,0.696893981
W0058,5,1.405144192
W0058,6,2.341654626
W0058,7,3.707052013
W0058,8,3.035520279
W0058,9,2.272003082
W0058,10,1.301045417
W0058,11,0.696893981
W0058,12,0.720742064
W0059,1,0.744590147
W0059,2,0.62459265
W0059,3,0.720742064
W0059,4,0.696893981
W0059,5,1.405144192
W0059,6,2.341654626
W0059,7,3.707052013
W0059,8,3.035520279
W0059,9,2.272003082
W0059,10,1.301045417
W0059,11,0.696893981
W0059,12,0.720742064
W0060,1,0.744590147
W0060,2,0.62459265
W0060,3,0.720742064
W0060,4,0.696893981
W0060,5,1.405144192
W0060,6,2.341654626
W0060,7,3.707052013
W0060,8,3.035520279
W0060,9,2.272003082
W0060,10,1.301045417
W0060,11,0.696893981
W0060,12,0.720742064
W0061,1,0.744590147
W0061,2,0.62459265
W0061,3,0.720742064
W0061,4,0.696893981
W0061,5,1.405144192
W0061,6,2.341654626
W0061,7,3.707052013
W0061,8,3.035520279
W0061,9,2.272003082
W0061,10,1.301045417
W0061,11,0.696893981
W0061,12,0.720742064
W0062,1,0.744590147
W0062,2,0.62459265
W0062,3,0.720742064
W0062,4,0.696893981
W0062,5,1.405144192
W0062,6,2.341654626
W0062,7,3.707052013
W0062,8,3.035520279
W0062,9,2.272003082
W0062,10,1.301045417
W0062,11,0.696893981
W0062,12,0.720742064
W0063,1,0.744590147
W0063,2,0.62459265
W0063,3,0.720742064
W0063,4,0.696893981
W0063,5,1.405144192
W0063,6,2.341654626
W0063,7,3.707052013
W0063,8,3.035520279
W0063,9,2.272003082
W0063,10,1.301045417
W0063,11,0.696893981
W0063,12,0.720742064
W0064,1,0.744590147
W0064,2,0.62459265
W0064,3,0.720742064
W0064,4,0.696893981
W0064,5,1.405144192
W0064,6,2.341654626
W0064,7,3.707052013
W0064,8,3.035520279
W0064,9,2.272003082
W0064,10,1.301045417
W0064,11,0.696893981
W0064,12,0.720742064
W0065,1,0.744590147
W0065,2,0.62459265
W0065,3,0.720742064
W0065,4,0.696893981
W0065,5,1.405144192
W0065,6,2.341654626
W0065,7,3.707052013
W0065,8,3.035520279
W0065,9,2.272003082
W0065,10,1.301045417
W0065,11,0.696893981
W0065,12,0.720742064
W0066,1,0.744590147
W0066,2,0.62459265
W0066,3,0.720742064
W0066,4,0.696893981
W0066,5,1.405144192
W0066,6,2.341654626
W0066,7,3.707052013
W0066,8,3.035520279
W0066,9,2.272003082
W0066,10,1.301045417
W0066,11,0.696893981
W0066,12,0.720742064
W0067,1,0.744590147
W0067,2,0.62459265
W0067,3,0.720742064
W0067,4,0.696893981
W0067,5,1.405144192
W0067,6,2.341654626
W0067,7,3.707052013
W0067,8,3.035520279
W0067,9,2.272003082
W0067,10,1.301045417
W0067,11,0.696893981
W0067,12,0.720742064
W0068,1,0.744590147
W0068,2,0.62459265
W0068,3,0.720742064
W0068,4,0.696893981
W0068,5,1.405144192
W0068,6,2.341654626
W0068,7,3.707052013
W0068,8,3.035520279
W0068,9,2.272003082
W0068,10,1.301045417
W0068,11,0.696893981
W0068,12,0.720742064
W0069,1,0.744590147
W0069,2,0.62459265
W0069,3,0.720742064
W0069,4,0.696893981
W0069,5,1.405144192
W0069,6,2.341654626
W0069,7,3.707052013
W0069,8,3.035520279
W0069,9,2.272003082
W0069,10,1.301045417
W0069,11,0.696893981
W0069,12,0.720742064
W0070,1,0.744590147
W0070,2,0.62459265
W0070,3,0.720742064
W0070,4,0.696893981
W0070,5,1.405144192
W0070,6,2.341654626
W0070,7,3.707052013
W0070,8,3.035520279
W0070,9,2.272003082
W0070,10,1.301045417
W0070,11,0.696893981
W0070,12,0.720742064
W0071,1,0.744590147
W0071,2,0.62459265
W0071,3,0.720742064
W0071,4,0.696893981
W0071,5,1.405144192
W0071,6,2.341654626
W0071,7,3.707052013
W0071,8,3.035520279
W0071,9,2.272003082
W0071,10,1.301045417
W0071,11,0.696893981
W0071,12,0.720742064
W0072,1,0.245673109
W0072,2,0.206304845
W0072,3,0.237723748
W0072,4,0.229774387
W0072,5,0.463712725
W0072,6,0.772602181
W0072,7,1.223444512
W0072,8,1.001619486
W0072,9,0.749889721
W0072,10,0.429265494
W0072,11,0.229774387
W0072,12,0.237723748
W0073,1,0.245673109
W0073,2,0.206304845
W0073,3,0.237723748
W0073,4,0.229774387
W0073,5,0.463712725
W0073,6,0.772602181
W0073,7,1.223444512
W0073,8,1.001619486
W0073,9,0.749889721
W0073,10,0.429265494
W0073,11,0.229774387
W0073,12,0.237723748
W0074,1,0.744590147
W0074,2,0.62459265
W0074,3,0.720742064
W0074,4,0.696893981
W0074,5,1.405144192
W0074,6,2.341654626
W0074,7,3.707052013
W0074,8,3.035520279
W0074,9,2.272381623
W0074,10,1.301045417
W0074,11,0.696893981
W0074,12,0.720742064
W0075,1,0.744590147
W0075,2,0.62459265
W0075,3,0.720742064
W0075,4,0.696893981
W0075,5,1.405144192
W0075,6,2.341654626
W0075,7,3.707052013
W0075,8,3.035520279
W0075,9,2.272381623
W0075,10,1.301045417
W0075,11,0.696893981
W0075,12,0.720742064
W0076,1,0.744590147
W0076,2,0.62459265
W0076,3,0.720742064
W0076,4,0.696893981
W0076,5,1.405144192
W0076,6,2.341654626
W0076,7,3.707052013
W0076,8,3.035520279
W0076,9,2.272381623
W0076,10,1.301045417
W0076,11,0.696893981
W0076,12,0.720742064
W0077,1,0.372484344
W0077,2,0.312296325
W0077,3,0.360371032
W0077,4,0.34825772
W0077,5,0.702572096
W0077,6,1.170827313
W0077,7,1.853336736
W0077,8,1.517570869
W0077,9,1.136001541
W0077,10,0.650333438
W0077,11,0.34825772
W0077,12,0.360371032
W0078,1,0.744590147
W0078,2,0.62459265
W0078,3,0.720742064
W0078,4,0.696893981
W0078,5,1.405144192
W0078,6,2.341654626
W0078,7,3.707052013
W0078,8,3.035520279
W0078,9,2.272003082
W0078,10,1.301045417
W0078,11,0.696893981
W0078,12,0.720742064
W0079,1,0.744590147
W0079,2,0.62459265
W0079,3,0.720742064
W0079,4,0.696893981
W0079,5,1.405144192
W0079,6,2.341654626
W0079,7,3.707052013
W0079,8,3.035520279
W0079,9,2.272381623
W0079,10,1.301045417
W0079,11,0.696893981
W0079,12,0.720742064
W0080,1,0.744590147
W0080,2,0.62459265
W0080,3,0.720742064
W0080,4,0.696893981
W0080,5,1.405144192
W0080,6,2.341654626
W0080,7,3.707052013
W0080,8,3.035520279
W0080,9,2.272381623
W0080,10,1.301045417
W0080,11,0.696893981
W0080,12,0.720742064
W0081,1,0.744590147
W0081,2,0.62459265
W0081,3,0.720742064
W0081,4,0.696893981
W0081,5,1.405144192
W0081,6,2.341654626
W0081,7,3.707052013
W0081,8,3.035520279
W0081,9,2.272381623
W0081,10,1.301045417
W0081,11,0.696893981
W0081,12,0.720742064
W0082,1,0.744590147
W0082,2,0.62459265
W0082,3,0.720742064
W0082,4,0.696893981
W0082,5,1.405144192
W0082,6,2.341654626
W0082,7,3.707052013
W0082,8,3.035520279
W0082,9,2.272381623
W0082,10,1.301045417
W0082,11,0.696893981
W0082,12,0.720742064
W0083,1,0.744590147
W0083,2,0.62459265
W0083,3,0.720742064
W0083,4,0.696893981
W0083,5,1.405144192
W0083,6,2.341654626
W0083,7,3.707052013
W0083,8,3.035520279
W0083,9,2.272381623
W0083,10,1.301045417
W0083,11,0.696893981
W0083,12,0.720742064
W0084,1,0.744590147
W0084,2,0.62459265
W0084,3,0.720742064
W0084,4,0.696893981
W0084,5,1.405144192
W0084,6,2.341654626
W0084,7,3.707052013
W0084,8,3.035520279
W0084,9,2.272381623
W0084,10,1.301045417
W0084,11,0.696893981
W0084,12,0.720742064
W0085,1,0.744590147
W0085,2,0.62459265
W0085,3,0.720742064
W0085,4,0.696893981
W0085,5,1.405144192
W0085,6,2.341654626
W0085,7,3.707052013
W0085,8,3.035520279
W0085,9,2.272381623
W0085,10,1.301045417
W0085,11,0.696893981
W0085,12,0.720742064
W0086,1,0.744590147
W0086,2,0.62459265
W0086,3,0.720742064
W0086,4,0.696893981
W0086,5,1.405144192
W0086,6,2.341654626
W0086,7,3.707052013
W0086,8,3.035520279
W0086,9,2.272381623
W0086,10,1.301045417
W0086,11,0.696893981
W0086,12,0.720742064
W0087,1,0.744590147
W0087,2,0.62459265
W0087,3,0.720742064
W0087,4,0.696893981
W0087,5,1.405144192
W0087,6,2.341654626
W0087,7,3.707052013
W0087,8,3.035520279
W0087,9,2.272381623
W0087,10,1.301045417
W0087,11,0.696893981
W0087,12,0.720742064
W0088,1,0.744590147
W0088,2,0.62459265
W0088,3,0.720742064
W0088,4,0.696893981
W0088,5,1.405144192
W0088,6,2.341654626
W0088,7,3.707052013
W0088,8,3.035520279
W0088,9,2.272381623
W0088,10,1.301045417
W0088,11,0.696893981
W0088,12,0.720742064
W0089,1,0.744590147
W0089,2,0.62459265
W0089,3,0.720742064
W0089,4,0.696893981
W0089,5,1.405144192
W0089,6,2.341654626
W0089,7,3.707052013
W0089,8,3.035520279
W0089,9,2.272381623
W0089,10,1.301045417
W0089,11,0.696893981
W0089,12,0.720742064
W0090,1,0.744590147
W0090,2,0.62459265
W0090,3,0.720742064
W0090,4,0.696893981
W0090,5,1.405144192
W0090,6,2.341654626
W0090,7,3.707052013
W0090,8,3.035520279
W0090,9,2.272381623
W0090,10,1.301045417
W0090,11,0.696893981
W0090,12,0.720742064
W0091,1,0.744590147
W0091,2,0.62459265
W0091,3,0.720742064
W0091,4,0.696893981
W0091,5,1.405144192
W0091,6,2.341654626
W0091,7,3.707052013
W0091,8,3.035520279
W0091,9,2.272381623
W0091,10,1.301045417
W0091,11,0.696893981
W0091,12,0.720742064
W0092,1,0.744590147
W0092,2,0.62459265
W0092,3,0.720742064
W0092,4,0.696893981
W0092,5,1.405144192
W0092,6,2.341654626
W0092,7,3.707052013
W0092,8,3.035520279
W0092,9,2.272381623
W0092,10,1.301045417
W0092,11,0.696893981
W0092,12,0.720742064
W0093,1,0.744590147
W0093,2,0.62459265
W0093,3,0.720742064
W0093,4,0.696893981
W0093,5,1.405144192
W0093,6,2.341654626
W0093,7,3.707052013
W0093,8,3.035520279
W0093,9,2.272381623
W0093,10,1.301045417
W0093,11,0.696893981
W0093,12,0.720742064
W0094,1,0.744590147
W0094,2,0.62459265
W0094,3,0.720742064
W0094,4,0.696893981
W0094,5,1.405144192
W0094,6,2.341654626
W0094,7,3.707052013
W0094,8,3.035520279
W0094,9,2.272381623
W0094,10,1.301045417
W0094,11,0.696893981
W0094,12,0.720742064
W0095,1,0.744590147
W0095,2,0.62459265
W0095,3,0.720742064
W0095,4,0.696893981
W0095,5,1.405144192
W0095,6,2.341654626
W0095,7,3.707052013
W0095,8,3.035520279
W0095,9,2.272381623
W0095,10,1.301045417
W0095,11,0.696893981
W0095,12,0.720742064
W0096,1,0.372484344
W0096,2,0.312296325
W0096,3,0.360371032
W0096,4,0.34825772
W0096,5,0.702572096
W0096,6,1.170827313
W0096,7,1.853336736
W0096,8,1.517570869
W0096,9,1.136001541
W0096,10,0.650333438
W0096,11,0.34825772
W0096,12,0.360371032
W0097,1,0.372484344
W0097,2,0.312296325
W0097,3,0.360371032
W0097,4,0.34825772
W0097,5,0.702572096
W0097,6,1.170827313
W0097,7,1.853336736
W0097,8,1.517570869
W0097,9,1.136001541
W0097,10,0.650333438
W0097,11,0.34825772
W0097,12,0.360371032
W0098,1,0.744590147
W0098,2,0.62459265
W0098,3,0.720742064
W0098,4,0.696893981
W0098,5,1.405144192
W0098,6,2.341654626
W0098,7,3.707052013
W0098,8,3.035520279
W0098,9,2.272003082
W0098,10,1.301045417
W0098,11,0.696893981
W0098,12,0.720742064
W0099,1,0.744590147
W0099,2,0.62459265
W0099,3,0.720742064
W0099,4,0.696893981
W0099,5,1.405144192
W0099,6,2.341654626
W0099,7,3.707052013
W0099,8,3.035520279
W0099,9,2.272003082
W0099,10,1.301045417
W0099,11,0.696893981
W0099,12,0.720742064
W0100,1,0.744590147
W0100,2,0.62459265
W0100,3,0.720742064
W0100,4,0.696893981
W0100,5,1.405144192
W0100,6,2.341654626
W0100,7,3.707052013
W0100,8,3.035520279
W0100,9,2.272003082
W0100,10,1.301045417
W0100,11,0.696893981
W0100,12,0.720742064
W0101,1,0.744590147
W0101,2,0.62459265
W0101,3,0.720742064
W0101,4,0.696893981
W0101,5,1.405144192
W0101,6,2.341654626
W0101,7,3.707052013
W0101,8,3.035520279
W0101,9,2.272003082
W0101,10,1.301045417
W0101,11,0.696893981
W0101,12,0.720742064
W0102,1,0.744590147
W0102,2,0.62459265
W0102,3,0.720742064
W0102,4,0.696893981
W0102,5,1.405144192
W0102,6,2.341654626
W0102,7,3.707052013
W0102,8,3.035520279
W0102,9,2.272381623
W0102,10,1.301045417
W0102,11,0.696893981
W0102,12,0.720742064
W0103,1,0.744590147
W0103,2,0.62459265
W0103,3,0.720742064
W0103,4,0.696893981
W0103,5,1.405144192
W0103,6,2.341654626
W0103,7,3.707052013
W0103,8,3.035520279
W0103,9,2.272381623
W0103,10,1.301045417
W0103,11,0.696893981
W0103,12,0.720742064
W0104,1,0.744590147
W0104,2,0.62459265
W0104,3,0.720742064
W0104,4,0.696893981
W0104,5,1.405144192
W0104,6,2.341654626
W0104,7,3.707052013
W0104,8,3.035520279
W0104,9,2.272381623
W0104,10,1.301045417
W0104,11,0.696893981
W0104,12,0.720742064
W0105,1,0.744590147
W0105,2,0.62459265
W0105,3,0.720742064
W0105,4,0.696893981
W0105,5,1.405144192
W0105,6,2.341654626
W0105,7,3.707052013
W0105,8,3.035520279
W0105,9,2.272381623
W0105,10,1.301045417
W0105,11,0.696893981
W0105,12,0.720742064
W0106,1,0.744590147
W0106,2,0.62459265
W0106,3,0.720742064
W0106,4,0.696893981
W0106,5,1.405144192
W0106,6,2.341654626
W0106,7,3.707052013
W0106,8,3.035520279
W0106,9,2.272381623
W0106,10,1.301045417
W0106,11,0.696893981
W0106,12,0.720742064
W0107,1,0.744590147
W0107,2,0.62459265
W0107,3,0.720742064
W0107,4,0.696893981
W0107,5,1.405144192
W0107,6,2.341654626
W0107,7,3.707052013
W0107,8,3.035520279
W0107,9,2.272381623
W0107,10,1.301045417
W0107,11,0.696893981
W0107,12,0.720742064
W0108,1,0.744590147
W0108,2,0.62459265
W0108,3,0.720742064
W0108,4,0.696893981
W0108,5,1.405144192
W0108,6,2.341654626
W0108,7,3.707052013
W0108,8,3.035520279
W0108,9,2.272003082
W0108,10,1.301045417
W0108,11,0.696893981
W0108,12,0.720742064
W0109,1,0.744590147
W0109,2,0.62459265
W0109,3,0.720742064
W0109,4,0.696893981
W0109,5,1.405144192
W0109,6,2.341654626
W0109,7,3.707052013
W0109,8,3.035520279
W0109,9,2.272003082
W0109,10,1.301045417
W0109,11,0.696893981
W0109,12,0.720742064
W0110,1,0.372484344
W0110,2,0.312296325
W0110,3,0.360371032
W0110,4,0.34825772
W0110,5,0.702572096
W0110,6,1.170827313
W0110,7,1.853336736
W0110,8,1.517570869
W0110,9,1.136001541
W0110,10,0.650333438
W0110,11,0.34825772
W0110,12,0.360371032
W0111,1,0.372484344
W0111,2,0.312296325
W0111,3,0.360371032
W0111,4,0.34825772
W0111,5,0.702572096
W0111,6,1.170827313
W0111,7,1.853336736
W0111,8,1.517570869
W0111,9,1.136001541
W0111,10,0.650333438
W0111,11,0.34825772
W0111,12,0.360371032
W0112,1,0.372484344
W0112,2,0.312296325
W0112,3,0.360371032
W0112,4,0.34825772
W0112,5,0.702572096
W0112,6,1.170827313
W0112,7,1.853336736
W0112,8,1.517570869
W0112,9,1.136001541
W0112,10,0.650333438
W0112,11,0.34825772
W0112,12,0.360371032
W0113,1,0.372484344
W0113,2,0.312296325
W0113,3,0.360371032
W0113,4,0.34825772
W0113,5,0.702572096
W0113,6,1.170827313
W0113,7,1.853336736
W0113,8,1.517570869
W0113,9,1.136001541
W0113,10,0.650333438
W0113,11,0.34825772
W0113,12,0.360371032
W0114,1,0.372484344
W0114,2,0.312296325
W0114,3,0.360371032
W0114,4,0.34825772
W0114,5,0.702572096
W0114,6,1.170827313
W0114,7,1.853336736
W0114,8,1.517570869
W0114,9,1.136001541
W0114,10,0.650333438
W0114,11,0.34825772
W0114,12,0.360371032
W0115,1,0.372484344
W0115,2,0.312296325
W0115,3,0.360371032
W0115,4,0.34825772
W0115,5,0.702572096
W0115,6,1.170827313
W0115,7,1.853336736
W0115,8,1.517570869
W0115,9,1.136001541
W0115,10,0.650333438
W0115,11,0.34825772
W0115,12,0.360371032
W0116,1,0.372484344
W0116,2,0.312296325
W0116,3,0.360371032
W0116,4,0.34825772
W0116,5,0.702572096
W0116,6,1.170827313
W0116,7,1.853336736
W0116,8,1.517570869
W0116,9,1.136001541
W0116,10,0.650333438
W0116,11,0.34825772
W0116,12,0.360371032
W0117,1,0.372484344
W0117,2,0.312296325
W0117,3,0.360371032
W0117,4,0.34825772
W0117,5,0.702572096
W0117,6,1.170827313
W0117,7,1.853336736
W0117,8,1.517570869
W0117,9,1.136001541
W0117,10,0.650333438
W0117,11,0.34825772
W0117,12,0.360371032
W0118,1,0.372484344
W0118,2,0.312296325
W0118,3,0.360371032
W0118,4,0.34825772
W0118,5,0.702572096
W0118,6,1.170827313
W0118,7,1.853336736
W0118,8,1.517570869
W0118,9,1.136001541
W0118,10,0.650333438
W0118,11,0.34825772
W0118,12,0.360371032
W0119,1,0.744590147
W0119,2,0.62459265
W0119,3,0.720742064
W0119,4,0.696893981
W0119,5,1.405144192
W0119,6,2.341654626
W0119,7,3.707052013
W0119,8,3.035520279
W0119,9,2.272003082
W0119,10,1.301045417
W0119,11,0.696893981
W0119,12,0.720742064
W0120,1,0.744590147
W0120,2,0.62459265
W0120,3,0.720742064
W0120,4,0.696893981
W0120,5,1.405144192
W0120,6,2.341654626
W0120,7,3.707052013
W0120,8,3.035520279
W0120,9,2.272003082
W0120,10,1.301045417
W0120,11,0.696893981
W0120,12,0.720742064
W0121,1,0.372484344
W0121,2,0.312296325
W0121,3,0.360371032
W0121,4,0.34825772
W0121,5,0.702572096
W0121,6,1.170827313
W0121,7,1.853336736
W0121,8,1.517570869
W0121,9,1.136001541
W0121,10,0.650333438
W0121,11,0.34825772
W0121,12,0.360371032
W0122,1,0.372484344
W0122,2,0.312296325
W0122,3,0.360371032
W0122,4,0.34825772
W0122,5,0.702572096
W0122,6,1.170827313
W0122,7,1.853336736
W0122,8,1.517570869
W0122,9,1.136001541
W0122,10,0.650333438
W0122,11,0.34825772
W0122,12,0.360371032
W0123,1,0.744590147
W0123,2,0.62459265
W0123,3,0.720742064
W0123,4,0.696893981
W0123,5,1.405144192
W0123,6,2.341654626
W0123,7,3.707052013
W0123,8,3.035520279
W0123,9,2.272381623
W0123,10,1.301045417
W0123,11,0.696893981
W0123,12,0.720742064
W0124,1,0.744590147
W0124,2,0.62459265
W0124,3,0.720742064
W0124,4,0.696893981
W0124,5,1.405144192
W0124,6,2.341654626
W0124,7,3.707052013
W0124,8,3.035520279
W0124,9,2.272381623
W0124,10,1.301045417
W0124,11,0.696893981
W0124,12,0.720742064
W0125,1,0.372484344
W0125,2,0.312296325
W0125,3,0.360371032
W0125,4,0.34825772
W0125,5,0.702572096
W0125,6,1.170827313
W0125,7,1.853336736
W0125,8,1.517570869
W0125,9,1.136001541
W0125,10,0.650333438
W0125,11,0.34825772
W0125,12,0.360371032
W0126,1,0.245673109
W0126,2,0.206304845
W0126,3,0.237723748
W0126,4,0.229774387
W0126,5,0.463712725
W0126,6,0.772980722
W0126,7,1.223444512
W0126,8,1.001619486
W0126,9,0.749889721
W0126,10,0.429265494
W0126,11,0.229774387
W0126,12,0.237723748
W0127,1,0.744590147
W0127,2,0.62459265
W0127,3,0.720742064
W0127,4,0.696893981
W0127,5,1.405144192
W0127,6,2.341654626
W0127,7,3.707052013
W0127,8,3.035520279
W0127,9,2.272381623
W0127,10,1.301045417
W0127,11,0.696893981
W0127,12,0.720742064
W0128,1,0.744590147
W0128,2,0.62459265
W0128,3,0.720742064
W0128,4,0.696893981
W0128,5,1.405144192
W0128,6,2.341654626
W0128,7,3.707052013
W0128,8,3.035520279
W0128,9,2.272381623
W0128,10,1.301045417
W0128,11,0.696893981
W0128,12,0.720742064
W0129,1,0.744590147
W0129,2,0.62459265
W0129,3,0.720742064
W0129,4,0.696893981
W0129,5,1.405144192
W0129,6,2.341654626
W0129,7,3.707052013
W0129,8,3.035520279
W0129,9,2.272003082
W0129,10,1.301045417
W0129,11,0.696893981
W0129,12,0.720742064
W0130,1,0.744590147
W0130,2,0.62459265
W0130,3,0.720742064
W0130,4,0.696893981
W0130,5,1.405144192
W0130,6,2.341654626
W0130,7,3.707052013
W0130,8,3.035520279
W0130,9,2.272003082
W0130,10,1.301045417
W0130,11,0.696893981
W0130,12,0.720742064
W0131,1,0.744590147
W0131,2,0.62459265
W0131,3,0.720742064
W0131,4,0.696893981
W0131,5,1.405144192
W0131,6,2.341654626
W0131,7,3.707052013
W0131,8,3.035520279
W0131,9,2.272003082
W0131,10,1.301045417
W0131,11,0.696893981
W0131,12,0.720742064
W0132,1,0.744590147
W0132,2,0.62459265
W0132,3,0.720742064
W0132,4,0.696893981
W0132,5,1.405144192
W0132,6,2.341654626
W0132,7,3.707052013
W0132,8,3.035520279
W0132,9,2.272003082
W0132,10,1.301045417
W0132,11,0.696893981
W0132,12,0.720742064
W0133,1,0.744590147
W0133,2,0.62459265
W0133,3,0.720742064
W0133,4,0.696893981
W0133,5,1.405144192
W0133,6,2.341654626
W0133,7,3.707052013
W0133,8,3.035520279
W0133,9,2.272003082
W0133,10,1.301045417
W0133,11,0.696893981
W0133,12,0.720742064
W0134,1,0.744590147
W0134,2,0.62459265
W0134,3,0.720742064
W0134,4,0.696893981
W0134,5,1.405144192
W0134,6,2.341654626
W0134,7,3.707052013
W0134,8,3.035520279
W0134,9,2.272003082
W0134,10,1.301045417
W0134,11,0.696893981
W0134,12,0.720742064
W0135,1,0.744590147
W0135,2,0.62459265
W0135,3,0.720742064
W0135,4,0.696893981
W0135,5,1.405144192
W0135,6,2.341654626
W0135,7,3.707052013
W0135,8,3.035520279
W0135,9,2.272381623
W0135,10,1.301045417
W0135,11,0.696893981
W0135,12,0.720742064
W0136,1,0.744590147
W0136,2,0.62459265
W0136,3,0.720742064
W0136,4,0.696893981
W0136,5,1.405144192
W0136,6,2.341654626
W0136,7,3.707052013
W0136,8,3.035520279
W0136,9,2.272381623
W0136,10,1.301045417
W0136,11,0.696893981
W0136,12,0.720742064
W0137,1,0.744590147
W0137,2,0.62459265
W0137,3,0.720742064
W0137,4,0.696893981
W0137,5,1.405144192
W0137,6,2.341654626
W0137,7,3.707052013
W0137,8,3.035520279
W0137,9,2.272003082
W0137,10,1.301045417
W0137,11,0.696893981
W0137,12,0.720742064
W0138,1,0.744590147
W0138,2,0.62459265
W0138,3,0.720742064
W0138,4,0.696893981
W0138,5,1.405144192
W0138,6,2.341654626
W0138,7,3.707052013
W0138,8,3.035520279
W0138,9,2.272381623
W0138,10,1.301045417
W0138,11,0.696893981
W0138,12,0.720742064
W0139,1,0.744590147
W0139,2,0.62459265
W0139,3,0.720742064
W0139,4,0.696893981
W0139,5,1.405144192
W0139,6,2.341654626
W0139,7,3.707052013
W0139,8,3.035520279
W0139,9,2.272003082
W0139,10,1.301045417
W0139,11,0.696893981
W0139,12,0.720742064
W0140,1,0.744590147
W0140,2,0.62459265
W0140,3,0.720742064
W0140,4,0.696893981
W0140,5,1.405144192
W0140,6,2.341654626
W0140,7,3.707052013
W0140,8,3.035520279
W0140,9,2.272003082
W0140,10,1.301045417
W0140,11,0.696893981
W0140,12,0.720742064
W0141,1,0.744590147
W0141,2,0.62459265
W0141,3,0.720742064
W0141,4,0.696893981
W0141,5,1.405144192
W0141,6,2.341654626
W0141,7,3.707052013
W0141,8,3.035520279
W0141,9,2.272003082
W0141,10,1.301045417
W0141,11,0.696893981
W0141,12,0.720742064
W0142,1,0.744590147
W0142,2,0.62459265
W0142,3,0.720742064
W0142,4,0.696893981
W0142,5,1.405144192
W0142,6,2.341654626
W0142,7,3.707052013
W0142,8,3.035520279
W0142,9,2.272003082
W0142,10,1.301045417
W0142,11,0.696893981
W0142,12,0.720742064
W0143,1,0.744590147
W0143,2,0.62459265
W0143,3,0.720742064
W0143,4,0.696893981
W0143,5,1.405144192
W0143,6,2.341654626
W0143,7,3.707052013
W0143,8,3.035520279
W0143,9,2.272003082
W0143,10,1.301045417
W0143,11,0.696893981
W0143,12,0.720742064
W0144,1,0.245673109
W0144,2,0.206304845
W0144,3,0.237723748
W0144,4,0.229774387
W0144,5,0.463712725
W0144,6,0.772602181
W0144,7,1.223444512
W0144,8,1.001619486
W0144,9,0.749889721
W0144,10,0.429265494
W0144,11,0.229774387
W0144,12,0.237723748
W0145,1,0.245673109
W0145,2,0.206304845
W0145,3,0.237723748
W0145,4,0.229774387
W0145,5,0.463712725
W0145,6,0.772602181
W0145,7,1.223444512
W0145,8,1.001619486
W0145,9,0.749889721
W0145,10,0.429265494
W0145,11,0.229774387
W0145,12,0.237723748
W0146,1,0.245673109
W0146,2,0.206304845
W0146,3,0.237723748
W0146,4,0.229774387
W0146,5,0.463712725
W0146,6,0.772602181
W0146,7,1.223444512
W0146,8,1.001619486
W0146,9,0.749889721
W0146,10,0.429265494
W0146,11,0.229774387
W0146,12,0.237723748
W0147,1,0.372484344
W0147,2,0.312296325
W0147,3,0.360371032
W0147,4,0.34825772
W0147,5,0.702572096
W0147,6,1.170827313
W0147,7,1.853336736
W0147,8,1.517570869
W0147,9,1.136001541
W0147,10,0.650333438
W0147,11,0.34825772
W0147,12,0.360371032
W0148,1,0.372484344
W0148,2,0.312296325
W0148,3,0.360371032
W0148,4,0.34825772
W0148,5,0.702572096
W0148,6,1.170827313
W0148,7,1.853336736
W0148,8,1.517570869
W0148,9,1.136001541
W0148,10,0.650333438
W0148,11,0.34825772
W0148,12,0.360371032
W0149,1,0.372484344
W0149,2,0.312296325
W0149,3,0.360371032
W0149,4,0.34825772
W0149,5,0.702572096
W0149,6,1.170827313
W0149,7,1.853336736
W0149,8,1.517570869
W0149,9,1.136001541
W0149,10,0.650333438
W0149,11,0.34825772
W0149,12,0.360371032
W0150,1,0.372484344
W0150,2,0.312296325
W0150,3,0.360371032
W0150,4,0.34825772
W0150,5,0.702572096
W0150,6,1.170827313
W0150,7,1.853336736
W0150,8,1.517570869
W0150,9,1.136001541
W0150,10,0.650333438
W0150,11,0.34825772
W0150,12,0.360371032
W0151,1,0.245673109
W0151,2,0.206304845
W0151,3,0.237723748
W0151,4,0.229774387
W0151,5,0.463712725
W0151,6,0.772980722
W0151,7,1.223444512
W0151,8,1.001619486
W0151,9,0.749889721
W0151,10,0.429265494
W0151,11,0.229774387
W0151,12,0.237723748
W0152,1,0.245673109
W0152,2,0.206304845
W0152,3,0.237723748
W0152,4,0.229774387
W0152,5,0.463712725
W0152,6,0.772980722
W0152,7,1.223444512
W0152,8,1.001619486
W0152,9,0.749889721
W0152,10,0.429265494
W0152,11,0.229774387
W0152,12,0.237723748
W0153,1,0.245673109
W0153,2,0.206304845
W0153,3,0.237723748
W0153,4,0.229774387
W0153,5,0.463712725
W0153,6,0.772602181
W0153,7,1.223444512
W0153,8,1.001619486
W0153,9,0.749889721
W0153,10,0.429265494
W0153,11,0.229774387
W0153,12,0.237723748
W0154,1,0.245673109
W0154,2,0.206304845
W0154,3,0.237723748
W0154,4,0.229774387
W0154,5,0.463712725
W0154,6,0.772602181
W0154,7,1.223444512
W0154,8,1.001619486
W0154,9,0.749889721
W0154,10,0.429265494
W0154,11,0.229774387
W0154,12,0.237723748
W0155,1,0.245673109
W0155,2,0.206304845
W0155,3,0.237723748
W0155,4,0.229774387
W0155,5,0.463712725
W0155,6,0.772602181
W0155,7,1.223444512
W0155,8,1.001619486
W0155,9,0.749889721
W0155,10,0.429265494
W0155,11,0.229774387
W0155,12,0.237723748
W0156,1,0.744590147
W0156,2,0.62459265
W0156,3,0.720742064
W0156,4,0.696893981
W0156,5,1.405144192
W0156,6,2.341654626
W0156,7,3.707052013
W0156,8,3.035520279
W0156,9,2.272003082
W0156,10,1.301045417
W0156,11,0.696893981
W0156,12,0.720742064
W0157,1,0.372484344
W0157,2,0.312296325
W0157,3,0.360371032
W0157,4,0.34825772
W0157,5,0.702572096
W0157,6,1.170827313
W0157,7,1.853336736
W0157,8,1.517570869
W0157,9,1.136001541
W0157,10,0.650333438
W0157,11,0.34825772
W0157,12,0.360371032
W0158,1,0.372484344
W0158,2,0.312296325
W0158,3,0.360371032
W0158,4,0.34825772
W0158,5,0.702572096
W0158,6,1.170827313
W0158,7,1.853336736
W0158,8,1.517570869
W0158,9,1.136001541
W0158,10,0.650333438
W0158,11,0.34825772
W0158,12,0.360371032
W0159,1,0.372484344
W0159,2,0.312296325
W0159,3,0.360371032
W0159,4,0.34825772
W0159,5,0.702572096
W0159,6,1.170827313
W0159,7,1.853336736
W0159,8,1.517570869
W0159,9,1.136001541
W0159,10,0.650333438
W0159,11,0.34825772
W0159,12,0.360371032
W0160,1,0.372484344
W0160,2,0.312296325
W0160,3,0.360371032
W0160,4,0.34825772
W0160,5,0.702572096
W0160,6,1.170827313
W0160,7,1.853336736
W0160,8,1.517570869
W0160,9,1.136001541
W0160,10,0.650333438
W0160,11,0.34825772
W0160,12,0.360371032
W0161,1,0.245673109
W0161,2,0.206304845
W0161,3,0.237723748
W0161,4,0.229774387
W0161,5,0.463712725
W0161,6,0.772602181
W0161,7,1.223444512
W0161,8,1.001619486
W0161,9,0.749889721
W0161,10,0.429265494
W0161,11,0.229774387
W0161,12,0.237723748
W0162,1,0.245673109
W0162,2,0.206304845
W0162,3,0.237723748
W0162,4,0.229774387
W0162,5,0.463712725
W0162,6,0.772602181
W0162,7,1.223444512
W0162,8,1.001619486
W0162,9,0.749889721
W0162,10,0.429265494
W0162,11,0.229774387
W0162,12,0.237723748
W0163,1,0.245673109
W0163,2,0.206304845
W0163,3,0.237723748
W0163,4,0.229774387
W0163,5,0.463712725
W0163,6,0.772602181
W0163,7,1.223444512
W0163,8,1.001619486
W0163,9,0.749889721
W0163,10,0.429265494
W0163,11,0.229774387
W0163,12,0.237723748
W0164,1,0.744590147
W0164,2,0.62459265
W0164,3,0.720742064
W0164,4,0.696893981
W0164,5,1.405144192
W0164,6,2.341654626
W0164,7,3.707052013
W0164,8,3.035520279
W0164,9,2.272003082
W0164,10,1.301045417
W0164,11,0.696893981
W0164,12,0.720742064
W0165,1,0.744590147
W0165,2,0.62459265
W0165,3,0.720742064
W0165,4,0.696893981
W0165,5,1.405144192
W0165,6,2.341654626
W0165,7,3.707052013
W0165,8,3.035520279
W0165,9,2.272381623
W0165,10,1.301045417
W0165,11,0.696893981
W0165,12,0.720742064
W0166,1,0.744590147
W0166,2,0.62459265
W0166,3,0.720742064
W0166,4,0.696893981
W0166,5,1.405144192
W0166,6,2.341654626
W0166,7,3.707052013
W0166,8,3.035520279
W0166,9,2.272003082
W0166,10,1.301045417
W0166,11,0.696893981
W0166,12,0.720742064
W0167,1,0.744590147
W0167,2,0.62459265
W0167,3,0.720742064
W0167,4,0.696893981
W0167,5,1.405144192
W0167,6,2.341654626
W0167,7,3.707052013
W0167,8,3.035520279
W0167,9,2.272003082
W0167,10,1.301045417
W0167,11,0.696893981
W0167,12,0.720742064
W0168,1,0.744590147
W0168,2,0.62459265
W0168,3,0.720742064
W0168,4,0.696893981
W0168,5,1.405144192
W0168,6,2.341654626
W0168,7,3.707052013
W0168,8,3.035520279
W0168,9,2.272003082
W0168,10,1.301045417
W0168,11,0.696893981
W0168,12,0.720742064
W0169,1,0.744590147
W0169,2,0.62459265
W0169,3,0.720742064
W0169,4,0.696893981
W0169,5,1.405144192
W0169,6,2.341654626
W0169,7,3.707052013
W0169,8,3.035520279
W0169,9,2.272003082
W0169,10,1.301045417
W0169,11,0.696893981
W0169,12,0.720742064
W0170,1,0.744590147
W0170,2,0.62459265
W0170,3,0.720742064
W0170,4,0.696893981
W0170,5,1.405144192
W0170,6,2.341654626
W0170,7,3.707052013
W0170,8,3.035520279
W0170,9,2.272003082
W0170,10,1.301045417
W0170,11,0.696893981
W0170,12,0.720742064
W0171,1,0.744590147
W0171,2,0.62459265
W0171,3,0.720742064
W0171,4,0.696893981
W0171,5,1.405144192
W0171,6,2.341654626
W0171,7,3.707052013
W0171,8,3.035520279
W0171,9,2.272003082
W0171,10,1.301045417
W0171,11,0.696893981
W0171,12,0.720742064
W0172,1,0.744590147
W0172,2,0.62459265
W0172,3,0.720742064
W0172,4,0.696893981
W0172,5,1.405144192
W0172,6,2.341654626
W0172,7,3.707052013
W0172,8,3.035520279
W0172,9,2.272003082
W0172,10,1.301045417
W0172,11,0.696893981
W0172,12,0.720742064
W0173,1,0.744590147
W0173,2,0.62459265
W0173,3,0.720742064
W0173,4,0.696893981
W0173,5,1.405144192
W0173,6,2.341654626
W0173,7,3.707052013
W0173,8,3.035520279
W0173,9,2.272003082
W0173,10,1.301045417
W0173,11,0.696893981
W0173,12,0.720742064
W0174,1,0.744590147
W0174,2,0.62459265
W0174,3,0.720742064
W0174,4,0.696893981
W0174,5,1.405144192
W0174,6,2.341654626
W0174,7,3.707052013
W0174,8,3.035520279
W0174,9,2.272003082
W0174,10,1.301045417
W0174,11,0.696893981
W0174,12,0.720742064
W0175,1,0.744590147
W0175,2,0.62459265
W0175,3,0.720742064
W0175,4,0.696893981
W0175,5,1.405144192
W0175,6,2.341654626
W0175,7,3.707052013
W0175,8,3.035520279
W0175,9,2.272003082
W0175,10,1.301045417
W0175,11,0.696893981
W0175,12,0.720742064
W0176,1,0.744590147
W0176,2,0.62459265
W0176,3,0.720742064
W0176,4,0.696893981
W0176,5,1.405144192
W0176,6,2.341654626
W0176,7,3.707052013
W0176,8,3.035520279
W0176,9,2.272003082
W0176,10,1.301045417
W0176,11,0.696893981
W0176,12,0.720742064
W0177,1,0.744590147
W0177,2,0.62459265
W0177,3,0.720742064
W0177,4,0.696893981
W0177,5,1.405144192
W0177,6,2.341654626
W0177,7,3.707052013
W0177,8,3.035520279
W0177,9,2.272003082
W0177,10,1.301045417
W0177,11,0.696893981
W0177,12,0.720742064
W0178,1,0.245673109
W0178,2,0.206304845
W0178,3,0.237723748
W0178,4,0.229774387
W0178,5,0.463712725
W0178,6,0.772602181
W0178,7,1.223444512
W0178,8,1.001619486
W0178,9,0.749889721
W0178,10,0.429265494
W0178,11,0.229774387
W0178,12,0.237723748
W0179,1,0.744590147
W0179,2,0.62459265
W0179,3,0.720742064
W0179,4,0.696893981
W0179,5,1.405144192
W0179,6,2.341654626
W0179,7,3.707052013
W0179,8,3.035520279
W0179,9,2.272381623
W0179,10,1.301045417
W0179,11,0.696893981
W0179,12,0.720742064
W0180,1,0.744590147
W0180,2,0.62459265
W0180,3,0.720742064
W0180,4,0.696893981
W0180,5,1.405144192
W0180,6,2.341654626
W0180,7,3.707052013
W0180,8,3.035520279
W0180,9,2.272381623
W0180,10,1.301045417
W0180,11,0.696893981
W0180,12,0.720742064
W0181,1,0.744590147
W0181,2,0.62459265
W0181,3,0.720742064
W0181,4,0.696893981
W0181,5,1.405144192
W0181,6,2.341654626
W0181,7,3.707052013
W0181,8,3.035520279
W0181,9,2.272381623
W0181,10,1.301045417
W0181,11,0.696893981
W0181,12,0.720742064
W0182,1,0.744590147
W0182,2,0.62459265
W0182,3,0.720742064
W0182,4,0.696893981
W0182,5,1.405144192
W0182,6,2.341654626
W0182,7,3.707052013
W0182,8,3.035520279
W0182,9,2.272381623
W0182,10,1.301045417
W0182,11,0.696893981
W0182,12,0.720742064
W0183,1,0.744590147
W0183,2,0.62459265
W0183,3,0.720742064
W0183,4,0.696893981
W0183,5,1.405144192
W0183,6,2.341654626
W0183,7,3.707052013
W0183,8,3.035520279
W0183,9,2.272381623
W0183,10,1.301045417
W0183,11,0.696893981
W0183,12,0.720742064
W0184,1,0.744590147
W0184,2,0.62459265
W0184,3,0.720742064
W0184,4,0.696893981
W0184,5,1.405144192
W0184,6,2.341654626
W0184,7,3.707052013
W0184,8,3.035520279
W0184,9,2.272381623
W0184,10,1.301045417
W0184,11,0.696893981
W0184,12,0.720742064
W0185,1,0.744590147
W0185,2,0.62459265
W0185,3,0.720742064
W0185,4,0.696893981
W0185,5,1.405144192
W0185,6,2.341654626
W0185,7,3.707052013
W0185,8,3.035520279
W0185,9,2.272381623
W0185,10,1.301045417
W0185,11,0.696893981
W0185,12,0.720742064
W0186,1,0.744590147
W0186,2,0.62459265
W0186,3,0.720742064
W0186,4,0.696893981
W0186,5,1.405144192
W0186,6,2.341654626
W0186,7,3.707052013
W0186,8,3.035520279
W0186,9,2.272381623
W0186,10,1.301045417
W0186,11,0.696893981
W0186,12,0.720742064
W0187,1,0.744590147
W0187,2,0.62459265
W0187,3,0.720742064
W0187,4,0.696893981
W0187,5,1.405144192
W0187,6,2.341654626
W0187,7,3.707052013
W0187,8,3.035520279
W0187,9,2.272381623
W0187,10,1.301045417
W0187,11,0.696893981
W0187,12,0.720742064
W0188,1,0.744590147
W0188,2,0.62459265
W0188,3,0.720742064
W0188,4,0.696893981
W0188,5,1.405144192
W0188,6,2.341654626
W0188,7,3.707052013
W0188,8,3.035520279
W0188,9,2.272381623
W0188,10,1.301045417
W0188,11,0.696893981
W0188,12,0.720742064
W0189,1,0.744590147
W0189,2,0.62459265
W0189,3,0.720742064
W0189,4,0.696893981
W0189,5,1.405144192
W0189,6,2.341654626
W0189,7,3.707052013
W0189,8,3.035520279
W0189,9,2.272381623
W0189,10,1.301045417
W0189,11,0.696893981
W0189,12,0.720742064
W0190,1,0.744590147
W0190,2,0.62459265
W0190,3,0.720742064
W0190,4,0.696893981
W0190,5,1.405144192
W0190,6,2.341654626
W0190,7,3.707052013
W0190,8,3.035520279
W0190,9,2.272003082
W0190,10,1.301045417
W0190,11,0.696893981
W0190,12,0.720742064
W0191,1,0.744590147
W0191,2,0.62459265
W0191,3,0.720742064
W0191,4,0.696893981
W0191,5,1.405144192
W0191,6,2.341654626
W0191,7,3.707052013
W0191,8,3.035520279
W0191,9,2.272381623
W0191,10,1.301045417
W0191,11,0.696893981
W0191,12,0.720742064
W0192,1,0.744590147
W0192,2,0.62459265
W0192,3,0.720742064
W0192,4,0.696893981
W0192,5,1.405144192
W0192,6,2.341654626
W0192,7,3.707052013
W0192,8,3.035520279
W0192,9,2.272381623
W0192,10,1.301045417
W0192,11,0.696893981
W0192,12,0.720742064
W0193,1,0.744590147
W0193,2,0.62459265
W0193,3,0.720742064
W0193,4,0.696893981
W0193,5,1.405144192
W0193,6,2.341654626
W0193,7,3.707052013
W0193,8,3.035520279
W0193,9,2.272381623
W0193,10,1.301045417
W0193,11,0.696893981
W0193,12,0.720742064
W0194,1,0.744590147
W0194,2,0.62459265
W0194,3,0.720742064
W0194,4,0.696893981
W0194,5,1.405144192
W0194,6,2.341654626
W0194,7,3.707052013
W0194,8,3.035520279
W0194,9,2.272381623
W0194,10,1.301045417
W0194,11,0.696893981
W0194,12,0.720742064
W0195,1,0.744590147
W0195,2,0.62459265
W0195,3,0.720742064
W0195,4,0.696893981
W0195,5,1.405144192
W0195,6,2.341654626
W0195,7,3.707052013
W0195,8,3.035520279
W0195,9,2.272381623
W0195,10,1.301045417
W0195,11,0.696893981
W0195,12,0.720742064
W0196,1,0.744590147
W0196,2,0.62459265
W0196,3,0.720742064
W0196,4,0.696893981
W0196,5,1.405144192
W0196,6,2.341654626
W0196,7,3.707052013
W0196,8,3.035520279
W0196,9,2.272381623
W0196,10,1.301045417
W0196,11,0.696893981
W0196,12,0.720742064
W0197,1,0.744590147
W0197,2,0.62459265
W0197,3,0.720742064
W0197,4,0.696893981
W0197,5,1.405144192
W0197,6,2.341654626
W0197,7,3.707052013
W0197,8,3.035520279
W0197,9,2.272381623
W0197,10,1.301045417
W0197,11,0.696893981
W0197,12,0.720742064
W0198,1,0.744590147
W0198,2,0.62459265
W0198,3,0.720742064
W0198,4,0.696893981
W0198,5,1.405144192
W0198,6,2.341654626
W0198,7,3.707052013
W0198,8,3.035520279
W0198,9,2.272381623
W0198,10,1.301045417
W0198,11,0.696893981
W0198,12,0.720742064
W0199,1,0.744590147
W0199,2,0.62459265
W0199,3,0.720742064
W0199,4,0.696893981
W0199,5,1.405144192
W0199,6,2.341654626
W0199,7,3.707052013
W0199,8,3.035520279
W0199,9,2.272381623
W0199,10,1.301045417
W0199,11,0.696893981
W0199,12,0.720742064
W0200,1,0.744590147
W0200,2,0.62459265
W0200,3,0.720742064
W0200,4,0.696893981
W0200,5,1.405144192
W0200,6,2.341654626
W0200,7,3.707052013
W0200,8,3.035520279
W0200,9,2.272381623
W0200,10,1.301045417
W0200,11,0.696893981
W0200,12,0.720742064
W0201,1,0.744590147
W0201,2,0.62459265
W0201,3,0.720742064
W0201,4,0.696893981
W0201,5,1.405144192
W0201,6,2.341654626
W0201,7,3.707052013
W0201,8,3.035520279
W0201,9,2.272003082
W0201,10,1.301045417
W0201,11,0.696893981
W0201,12,0.720742064
W0202,1,0.744590147
W0202,2,0.62459265
W0202,3,0.720742064
W0202,4,0.696893981
W0202,5,1.405144192
W0202,6,2.341654626
W0202,7,3.707052013
W0202,8,3.035520279
W0202,9,2.272003082
W0202,10,1.301045417
W0202,11,0.696893981
W0202,12,0.720742064
W0203,1,0.744590147
W0203,2,0.62459265
W0203,3,0.720742064
W0203,4,0.696893981
W0203,5,1.405144192
W0203,6,2.341654626
W0203,7,3.707052013
W0203,8,3.035520279
W0203,9,2.272003082
W0203,10,1.301045417
W0203,11,0.696893981
W0203,12,0.720742064
W0204,1,0.744590147
W0204,2,0.62459265
W0204,3,0.720742064
W0204,4,0.696893981
W0204,5,1.405144192
W0204,6,2.341654626
W0204,7,3.707052013
W0204,8,3.035520279
W0204,9,2.272003082
W0204,10,1.301045417
W0204,11,0.696893981
W0204,12,0.720742064
W0205,1,0.372484344
W0205,2,0.312296325
W0205,3,0.360371032
W0205,4,0.34825772
W0205,5,0.702572096
W0205,6,1.170827313
W0205,7,1.853336736
W0205,8,1.517570869
W0205,9,1.136001541
W0205,10,0.650333438
W0205,11,0.34825772
W0205,12,0.360371032
W0206,1,0.372484344
W0206,2,0.312296325
W0206,3,0.360371032
W0206,4,0.34825772
W0206,5,0.702572096
W0206,6,1.170827313
W0206,7,1.853336736
W0206,8,1.517570869
W0206,9,1.136001541
W0206,10,0.650333438
W0206,11,0.34825772
W0206,12,0.360371032
W0207,1,0.744590147
W0207,2,0.62459265
W0207,3,0.720742064
W0207,4,0.696893981
W0207,5,1.405144192
W0207,6,2.341654626
W0207,7,3.707052013
W0207,8,3.035520279
W0207,9,2.272003082
W0207,10,1.301045417
W0207,11,0.696893981
W0207,12,0.720742064
W0208,1,0.372484344
W0208,2,0.312296325
W0208,3,0.360371032
W0208,4,0.34825772
W0208,5,0.702572096
W0208,6,1.170827313
W0208,7,1.853336736
W0208,8,1.517570869
W0208,9,1.136001541
W0208,10,0.650333438
W0208,11,0.34825772
W0208,12,0.360371032
W0209,1,0.744590147
W0209,2,0.62459265
W0209,3,0.720742064
W0209,4,0.696893981
W0209,5,1.405144192
W0209,6,2.341654626
W0209,7,3.707052013
W0209,8,3.035520279
W0209,9,2.272381623
W0209,10,1.301045417
W0209,11,0.696893981
W0209,12,0.720742064
W0210,1,0.744590147
W0210,2,0.62459265
W0210,3,0.720742064
W0210,4,0.696893981
W0210,5,1.405144192
W0210,6,2.341654626
W0210,7,3.707052013
W0210,8,3.035520279
W0210,9,2.272003082
W0210,10,1.301045417
W0210,11,0.696893981
W0210,12,0.720742064
W0211,1,0.245673109
W0211,2,0.206304845
W0211,3,0.237723748
W0211,4,0.229774387
W0211,5,0.463712725
W0211,6,0.772602181
W0211,7,1.223444512
W0211,8,1.001619486
W0211,9,0.749889721
W0211,10,0.429265494
W0211,11,0.229774387
W0211,12,0.237723748
W0212,1,0.245673109
W0212,2,0.206304845
W0212,3,0.237723748
W0212,4,0.229774387
W0212,5,0.463712725
W0212,6,0.772602181
W0212,7,1.223444512
W0212,8,1.001619486
W0212,9,0.749889721
W0212,10,0.429265494
W0212,11,0.229774387
W0212,12,0.237723748
W0213,1,0.245673109
W0213,2,0.206304845
W0213,3,0.237723748
W0213,4,0.229774387
W0213,5,0.463712725
W0213,6,0.772602181
W0213,7,1.223444512
W0213,8,1.001619486
W0213,9,0.749889721
W0213,10,0.429265494
W0213,11,0.229774387
W0213,12,0.237723748
W0214,1,0.744590147
W0214,2,0.62459265
W0214,3,0.720742064
W0214,4,0.696893981
W0214,5,1.405144192
W0214,6,2.341654626
W0214,7,3.707052013
W0214,8,3.035520279
W0214,9,2.272003082
W0214,10,1.301045417
W0214,11,0.696893981
W0214,12,0.720742064
W0215,1,0.744590147
W0215,2,0.62459265
W0215,3,0.720742064
W0215,4,0.696893981
W0215,5,1.405144192
W0215,6,2.341654626
W0215,7,3.707052013
W0215,8,3.035520279
W0215,9,2.272003082
W0215,10,1.301045417
W0215,11,0.696893981
W0215,12,0.720742064
W0216,1,0.744590147
W0216,2,0.62459265
W0216,3,0.720742064
W0216,4,0.696893981
W0216,5,1.405144192
W0216,6,2.341654626
W0216,7,3.707052013
W0216,8,3.035520279
W0216,9,2.272381623
W0216,10,1.301045417
W0216,11,0.696893981
W0216,12,0.720742064
W0217,1,0.744590147
W0217,2,0.62459265
W0217,3,0.720742064
W0217,4,0.696893981
W0217,5,1.405144192
W0217,6,2.341654626
W0217,7,3.707052013
W0217,8,3.035520279
W0217,9,2.272381623
W0217,10,1.301045417
W0217,11,0.696893981
W0217,12,0.720742064
W0218,1,0.245673109
W0218,2,0.206304845
W0218,3,0.237723748
W0218,4,0.229774387
W0218,5,0.463712725
W0218,6,0.772602181
W0218,7,1.223444512
W0218,8,1.001619486
W0218,9,0.749889721
W0218,10,0.429265494
W0218,11,0.229774387
W0218,12,0.237723748
W0219,1,0.245673109
W0219,2,0.206304845
W0219,3,0.237723748
W0219,4,0.229774387
W0219,5,0.463712725
W0219,6,0.772602181
W0219,7,1.223444512
W0219,8,1.001619486
W0219,9,0.749889721
W0219,10,0.429265494
W0219,11,0.229774387
W0219,12,0.237723748
W0220,1,0.744590147
W0220,2,0.62459265
W0220,3,0.720742064
W0220,4,0.696893981
W0220,5,1.405144192
W0220,6,2.341654626
W0220,7,3.707052013
W0220,8,3.035520279
W0220,9,2.272381623
W0220,10,1.301045417
W0220,11,0.696893981
W0220,12,0.720742064
W0221,1,0.744590147
W0221,2,0.62459265
W0221,3,0.720742064
W0221,4,0.696893981
W0221,5,1.405144192
W0221,6,2.341654626
W0221,7,3.707052013
W0221,8,3.035520279
W0221,9,2.272381623
W0221,10,1.301045417
W0221,11,0.696893981
W0221,12,0.720742064
W0222,1,0.245673109
W0222,2,0.206304845
W0222,3,0.237723748
W0222,4,0.229774387
W0222,5,0.463712725
W0222,6,0.772980722
W0222,7,1.223444512
W0222,8,1.001619486
W0222,9,0.749889721
W0222,10,0.429265494
W0222,11,0.229774387
W0222,12,0.237723748
W0223,1,0.245673109
W0223,2,0.206304845
W0223,3,0.237723748
W0223,4,0.229774387
W0223,5,0.463712725
W0223,6,0.772602181
W0223,7,1.223444512
W0223,8,1.001619486
W0223,9,0.749889721
W0223,10,0.429265494
W0223,11,0.229774387
W0223,12,0.237723748
W0224,1,0.372484344
W0224,2,0.312296325
W0224,3,0.360371032
W0224,4,0.34825772
W0224,5,0.702572096
W0224,6,1.170827313
W0224,7,1.853336736
W0224,8,1.517570869
W0224,9,1.136001541
W0224,10,0.650333438
W0224,11,0.34825772
W0224,12,0.360371032
W0225,1,0.744590147
W0225,2,0.62459265
W0225,3,0.720742064
W0225,4,0.696893981
W0225,5,1.405144192
W0225,6,2.341654626
W0225,7,3.707052013
W0225,8,3.035520279
W0225,9,2.272381623
W0225,10,1.301045417
W0225,11,0.696893981
W0225,12,0.720742064
W0226,1,0.744590147
W0226,2,0.62459265
W0226,3,0.720742064
W0226,4,0.696893981
W0226,5,1.405144192
W0226,6,2.341654626
W0226,7,3.707052013
W0226,8,3.035520279
W0226,9,2.272381623
W0226,10,1.301045417
W0226,11,0.696893981
W0226,12,0.720742064
W0227,1,0.744590147
W0227,2,0.62459265
W0227,3,0.720742064
W0227,4,0.696893981
W0227,5,1.405144192
W0227,6,2.341654626
W0227,7,3.707052013
W0227,8,3.035520279
W0227,9,2.272381623
W0227,10,1.301045417
W0227,11,0.696893981
W0227,12,0.720742064
W0228,1,0.744590147
W0228,2,0.62459265
W0228,3,0.720742064
W0228,4,0.696893981
W0228,5,1.405144192
W0228,6,2.341654626
W0228,7,3.707052013
W0228,8,3.035520279
W0228,9,2.272381623
W0228,10,1.301045417
W0228,11,0.696893981
W0228,12,0.720742064
W0229,1,0.744590147
W0229,2,0.62459265
W0229,3,0.720742064
W0229,4,0.696893981
W0229,5,1.405144192
W0229,6,2.341654626
W0229,7,3.707052013
W0229,8,3.035520279
W0229,9,2.272381623
W0229,10,1.301045417
W0229,11,0.696893981
W0229,12,0.720742064
W0230,1,0.744590147
W0230,2,0.62459265
W0230,3,0.720742064
W0230,4,0.696893981
W0230,5,1.405144192
W0230,6,2.341654626
W0230,7,3.707052013
W0230,8,3.035520279
W0230,9,2.272381623
W0230,10,1.301045417
W0230,11,0.696893981
W0230,12,0.720742064
W0231,1,0.744590147
W0231,2,0.62459265
W0231,3,0.720742064
W0231,4,0.696893981
W0231,5,1.405144192
W0231,6,2.341654626
W0231,7,3.707052013
W0231,8,3.035520279
W0231,9,2.272381623
W0231,10,1.301045417
W0231,11,0.696893981
W0231,12,0.720742064
W0232,1,0.744590147
W0232,2,0.62459265
W0232,3,0.720742064
W0232,4,0.696893981
W0232,5,1.405144192
W0232,6,2.341654626
W0232,7,3.707052013
W0232,8,3.035520279
W0232,9,2.272381623
W0232,10,1.301045417
W0232,11,0.696893981
W0232,12,0.720742064
W0233,1,0.744590147
W0233,2,0.62459265
W0233,3,0.720742064
W0233,4,0.696893981
W0233,5,1.405144192
W0233,6,2.341654626
W0233,7,3.707052013
W0233,8,3.035520279
W0233,9,2.272381623
W0233,10,1.301045417
W0233,11,0.696893981
W0233,12,0.720742064
W0234,1,0.744590147
W0234,2,0.62459265
W0234,3,0.720742064
W0234,4,0.696893981
W0234,5,1.405144192
W0234,6,2.341654626
W0234,7,3.707052013
W0234,8,3.035520279
W0234,9,2.272381623
W0234,10,1.301045417
W0234,11,0.696893981
W0234,12,0.720742064
W0235,1,0.744590147
W0235,2,0.62459265
W0235,3,0.720742064
W0235,4,0.696893981
W0235,5,1.405144192
W0235,6,2.341654626
W0235,7,3.707052013
W0235,8,3.035520279
W0235,9,2.272381623
W0235,10,1.301045417
W0235,11,0.696893981
W0235,12,0.720742064
W0236,1,0.744590147
W0236,2,0.62459265
W0236,3,0.720742064
W0236,4,0.696893981
W0236,5,1.405144192
W0236,6,2.341654626
W0236,7,3.707052013
W0236,8,3.035520279
W0236,9,2.272381623
W0236,10,1.301045417
W0236,11,0.696893981
W0236,12,0.720742064
W0237,1,0.744590147
W0237,2,0.62459265
W0237,3,0.720742064
W0237,4,0.696893981
W0237,5,1.405144192
W0237,6,2.341654626
W0237,7,3.707052013
W0237,8,3.035520279
W0237,9,2.272003082
W0237,10,1.301045417
W0237,11,0.696893981
W0237,12,0.720742064
W0238,1,0.744590147
W0238,2,0.62459265
W0238,3,0.720742064
W0238,4,0.696893981
W0238,5,1.405144192
W0238,6,2.341654626
W0238,7,3.707052013
W0238,8,3.035520279
W0238,9,2.272003082
W0238,10,1.301045417
W0238,11,0.696893981
W0238,12,0.720742064
W0239,1,0.744590147
W0239,2,0.62459265
W0239,3,0.720742064
W0239,4,0.696893981
W0239,5,1.405144192
W0239,6,2.341654626
W0239,7,3.707052013
W0239,8,3.035520279
W0239,9,2.272381623
W0239,10,1.301045417
W0239,11,0.696893981
W0239,12,0.720742064
W0240,1,0.744590147
W0240,2,0.62459265
W0240,3,0.720742064
W0240,4,0.696893981
W0240,5,1.405144192
W0240,6,2.341654626
W0240,7,3.707052013
W0240,8,3.035520279
W0240,9,2.272003082
W0240,10,1.301045417
W0240,11,0.696893981
W0240,12,0.720742064
W0241,1,0.744590147
W0241,2,0.62459265
W0241,3,0.720742064
W0241,4,0.696893981
W0241,5,1.405144192
W0241,6,2.341654626
W0241,7,3.707052013
W0241,8,3.035520279
W0241,9,2.272381623
W0241,10,1.301045417
W0241,11,0.696893981
W0241,12,0.720742064
W0242,1,0.372484344
W0242,2,0.312296325
W0242,3,0.360371032
W0242,4,0.34825772
W0242,5,0.702572096
W0242,6,1.170827313
W0242,7,1.853336736
W0242,8,1.517570869
W0242,9,1.136001541
W0242,10,0.650333438
W0242,11,0.34825772
W0242,12,0.360371032
W0243,1,0.744590147
W0243,2,0.62459265
W0243,3,0.720742064
W0243,4,0.696893981
W0243,5,1.405144192
W0243,6,2.341654626
W0243,7,3.707052013
W0243,8,3.035520279
W0243,9,2.272003082
W0243,10,1.301045417
W0243,11,0.696893981
W0243,12,0.720742064
W0244,1,0.744590147
W0244,2,0.62459265
W0244,3,0.720742064
W0244,4,0.696893981
W0244,5,1.405144192
W0244,6,2.341654626
W0244,7,3.707052013
W0244,8,3.035520279
W0244,9,2.272003082
W0244,10,1.301045417
W0244,11,0.696893981
W0244,12,0.720742064
W0245,1,0.744590147
W0245,2,0.62459265
W0245,3,0.720742064
W0245,4,0.696893981
W0245,5,1.405144192
W0245,6,2.341654626
W0245,7,3.707052013
W0245,8,3.035520279
W0245,9,2.272003082
W0245,10,1.301045417
W0245,11,0.696893981
W0245,12,0.720742064
W0246,1,0.744590147
W0246,2,0.62459265
W0246,3,0.720742064
W0246,4,0.696893981
W0246,5,1.405144192
W0246,6,2.341654626
W0246,7,3.707052013
W0246,8,3.035520279
W0246,9,2.272003082
W0246,10,1.301045417
W0246,11,0.696893981
W0246,12,0.720742064
W0247,1,0.744590147
W0247,2,0.62459265
W0247,3,0.720742064
W0247,4,0.696893981
W0247,5,1.405144192
W0247,6,2.341654626
W0247,7,3.707052013
W0247,8,3.035520279
W0247,9,2.272003082
W0247,10,1.301045417
W0247,11,0.696893981
W0247,12,0.720742064
W0248,1,0.744590147
W0248,2,0.62459265
W0248,3,0.720742064
W0248,4,0.696893981
W0248,5,1.405144192
W0248,6,2.341654626
W0248,7,3.707052013
W0248,8,3.035520279
W0248,9,2.272381623
W0248,10,1.301045417
W0248,11,0.696893981
W0248,12,0.720742064
W0249,1,0.744590147
W0249,2,0.62459265
W0249,3,0.720742064
W0249,4,0.696893981
W0249,5,1.405144192
W0249,6,2.341654626
W0249,7,3.707052013
W0249,8,3.035520279
W0249,9,2.272381623
W0249,10,1.301045417
W0249,11,0.696893981
W0249,12,0.720742064
W0250,1,0.744590147
W0250,2,0.62459265
W0250,3,0.720742064
W0250,4,0.696893981
W0250,5,1.405144192
W0250,6,2.341654626
W0250,7,3.707052013
W0250,8,3.035520279
W0250,9,2.272381623
W0250,10,1.301045417
W0250,11,0.696893981
W0250,12,0.720742064
W0251,1,0.744590147
W0251,2,0.62459265
W0251,3,0.720742064
W0251,4,0.696893981
W0251,5,1.405144192
W0251,6,2.341654626
W0251,7,3.707052013
W0251,8,3.035520279
W0251,9,2.272381623
W0251,10,1.301045417
W0251,11,0.696893981
W0251,12,0.720742064
W0252,1,0.744590147
W0252,2,0.62459265
W0252,3,0.720742064
W0252,4,0.696893981
W0252,5,1.405144192
W0252,6,2.341654626
W0252,7,3.707052013
W0252,8,3.035520279
W0252,9,2.272381623
W0252,10,1.301045417
W0252,11,0.696893981
W0252,12,0.720742064
W0253,1,0.372484344
W0253,2,0.312296325
W0253,3,0.360371032
W0253,4,0.34825772
W0253,5,0.702572096
W0253,6,1.170827313
W0253,7,1.853336736
W0253,8,1.517570869
W0253,9,1.136001541
W0253,10,0.650333438
W0253,11,0.34825772
W0253,12,0.360371032
W0254,1,0.744590147
W0254,2,0.62459265
W0254,3,0.720742064
W0254,4,0.696893981
W0254,5,1.405144192
W0254,6,2.341654626
W0254,7,3.707052013
W0254,8,3.035520279
W0254,9,2.272381623
W0254,10,1.301045417
W0254,11,0.696893981
W0254,12,0.720742064
W0255,1,0.744590147
W0255,2,0.62459265
W0255,3,0.720742064
W0255,4,0.696893981
W0255,5,1.405144192
W0255,6,2.341654626
W0255,7,3.707052013
W0255,8,3.035520279
W0255,9,2.272381623
W0255,10,1.301045417
W0255,11,0.696893981
W0255,12,0.720742064
W0256,1,0.744590147
W0256,2,0.62459265
W0256,3,0.720742064
W0256,4,0.696893981
W0256,5,1.405144192
W0256,6,2.341654626
W0256,7,3.707052013
W0256,8,3.035520279
W0256,9,2.272381623
W0256,10,1.301045417
W0256,11,0.696893981
W0256,12,0.720742064
W0257,1,0.744590147
W0257,2,0.62459265
W0257,3,0.720742064
W0257,4,0.696893981
W0257,5,1.405144192
W0257,6,2.341654626
W0257,7,3.707052013
W0257,8,3.035520279
W0257,9,2.272003082
W0257,10,1.301045417
W0257,11,0.696893981
W0257,12,0.720742064
W0258,1,0.744590147
W0258,2,0.62459265
W0258,3,0.720742064
W0258,4,0.696893981
W0258,5,1.405144192
W0258,6,2.341654626
W0258,7,3.707052013
W0258,8,3.035520279
W0258,9,2.272003082
W0258,10,1.301045417
W0258,11,0.696893981
W0258,12,0.720742064
W0259,1,0.744590147
W0259,2,0.62459265
W0259,3,0.720742064
W0259,4,0.696893981
W0259,5,1.405144192
W0259,6,2.341654626
W0259,7,3.707052013
W0259,8,3.035520279
W0259,9,2.272003082
W0259,10,1.301045417
W0259,11,0.696893981
W0259,12,0.720742064
W0260,1,0.744590147
W0260,2,0.62459265
W0260,3,0.720742064
W0260,4,0.696893981
W0260,5,1.405144192
W0260,6,2.341654626
W0260,7,3.707052013
W0260,8,3.035520279
W0260,9,2.272003082
W0260,10,1.301045417
W0260,11,0.696893981
W0260,12,0.720742064
W0261,1,0.744590147
W0261,2,0.62459265
W0261,3,0.720742064
W0261,4,0.696893981
W0261,5,1.405144192
W0261,6,2.341654626
W0261,7,3.707052013
W0261,8,3.035520279
W0261,9,2.272003082
W0261,10,1.301045417
W0261,11,0.696893981
W0261,12,0.720742064
W0262,1,0.744590147
W0262,2,0.62459265
W0262,3,0.720742064
W0262,4,0.696893981
W0262,5,1.405144192
W0262,6,2.341654626
W0262,7,3.707052013
W0262,8,3.035520279
W0262,9,2.272381623
W0262,10,1.301045417
W0262,11,0.696893981
W0262,12,0.720742064
W0263,1,0.372484344
W0263,2,0.312296325
W0263,3,0.360371032
W0263,4,0.34825772
W0263,5,0.702572096
W0263,6,1.170827313
W0263,7,1.853336736
W0263,8,1.517570869
W0263,9,1.136001541
W0263,10,0.650333438
W0263,11,0.34825772
W0263,12,0.360371032
W0264,1,0.372484344
W0264,2,0.312296325
W0264,3,0.360371032
W0264,4,0.34825772
W0264,5,0.702572096
W0264,6,1.170827313
W0264,7,1.853336736
W0264,8,1.517570869
W0264,9,1.136001541
W0264,10,0.650333438
W0264,11,0.34825772
W0264,12,0.360371032
W0265,1,0.372484344
W0265,2,0.312296325
W0265,3,0.360371032
W0265,4,0.34825772
W0265,5,0.702572096
W0265,6,1.170827313
W0265,7,1.853336736
W0265,8,1.517570869
W0265,9,1.136001541
W0265,10,0.650333438
W0265,11,0.34825772
W0265,12,0.360371032
W0266,1,0.372484344
W0266,2,0.312296325
W0266,3,0.360371032
W0266,4,0.34825772
W0266,5,0.702572096
W0266,6,1.170827313
W0266,7,1.853336736
W0266,8,1.517570869
W0266,9,1.136001541
W0266,10,0.650333438
W0266,11,0.34825772
W0266,12,0.360371032
W0267,1,0.372484344
W0267,2,0.312296325
W0267,3,0.360371032
W0267,4,0.34825772
W0267,5,0.702572096
W0267,6,1.170827313
W0267,7,1.853336736
W0267,8,1.517570869
W0267,9,1.136001541
W0267,10,0.650333438
W0267,11,0.34825772
W0267,12,0.360371032
W0268,1,0.372484344
W0268,2,0.312296325
W0268,3,0.360371032
W0268,4,0.34825772
W0268,5,0.702572096
W0268,6,1.170827313
W0268,7,1.853336736
W0268,8,1.517570869
W0268,9,1.136001541
W0268,10,0.650333438
W0268,11,0.34825772
W0268,12,0.360371032
W0269,1,0.372484344
W0269,2,0.312296325
W0269,3,0.360371032
W0269,4,0.34825772
W0269,5,0.702572096
W0269,6,1.170827313
W0269,7,1.853336736
W0269,8,1.517570869
W0269,9,1.136001541
W0269,10,0.650333438
W0269,11,0.34825772
W0269,12,0.360371032
W0270,1,0.372484344
W0270,2,0.312296325
W0270,3,0.360371032
W0270,4,0.34825772
W0270,5,0.702572096
W0270,6,1.170827313
W0270,7,1.853336736
W0270,8,1.517570869
W0270,9,1.136001541
W0270,10,0.650333438
W0270,11,0.34825772
W0270,12,0.360371032
W0271,1,0.744590147
W0271,2,0.62459265
W0271,3,0.720742064
W0271,4,0.696893981
W0271,5,1.405144192
W0271,6,2.341654626
W0271,7,3.707052013
W0271,8,3.035520279
W0271,9,2.272003082
W0271,10,1.301045417
W0271,11,0.696893981
W0271,12,0.720742064
W0272,1,0.744590147
W0272,2,0.62459265
W0272,3,0.720742064
W0272,4,0.696893981
W0272,5,1.405144192
W0272,6,2.341654626
W0272,7,3.707052013
W0272,8,3.035520279
W0272,9,2.272003082
W0272,10,1.301045417
W0272,11,0.696893981
W0272,12,0.720742064
W0273,1,0.744590147
W0273,2,0.62459265
W0273,3,0.720742064
W0273,4,0.696893981
W0273,5,1.405144192
W0273,6,2.341654626
W0273,7,3.707052013
W0273,8,3.035520279
W0273,9,2.272003082
W0273,10,1.301045417
W0273,11,0.696893981
W0273,12,0.720742064
W0274,1,0.744590147
W0274,2,0.62459265
W0274,3,0.720742064
W0274,4,0.696893981
W0274,5,1.405144192
W0274,6,2.341654626
W0274,7,3.707052013
W0274,8,3.035520279
W0274,9,2.272003082
W0274,10,1.301045417
W0274,11,0.696893981
W0274,12,0.720742064
W0275,1,0.744590147
W0275,2,0.62459265
W0275,3,0.720742064
W0275,4,0.696893981
W0275,5,1.405144192
W0275,6,2.341654626
W0275,7,3.707052013
W0275,8,3.035520279
W0275,9,2.272381623
W0275,10,1.301045417
W0275,11,0.696893981
W0275,12,0.720742064
W0276,1,0.744590147
W0276,2,0.62459265
W0276,3,0.720742064
W0276,4,0.696893981
W0276,5,1.405144192
W0276,6,2.341654626
W0276,7,3.707052013
W0276,8,3.035520279
W0276,9,2.272381623
W0276,10,1.301045417
W0276,11,0.696893981
W0276,12,0.720742064
W0277,1,0
W0277,2,0
W0277,3,0
W0277,4,0
W0277,5,1.164013575
W0277,6,2.835650631
W0277,7,3.450779756
W0277,8,5.936658503
W0277,9,2.700132953
W0277,10,0.977771403
W0277,11,0
W0277,12,0
W0278,1,0
W0278,2,0
W0278,3,0
W0278,4,0
W0278,5,6.639230599
W0278,6,15.805600914
W0278,7,31.601738303
W0278,8,23.34462347
W0278,9,15.434630734
W0278,10,5.578558717
W0278,11,0
W0278,12,0
W0279,1,0
W0279,2,0
W0279,3,0
W0279,4,0
W0279,5,1.598200102
W0279,6,3.894051267
W0279,7,4.738954779
W0279,8,8.152258976
W0279,9,3.708187636
W0279,10,1.342684927
W0279,11,0
W0279,12,0
W0280,1,0
W0280,2,0
W0280,3,0
W0280,4,0
W0280,5,12.558097675
W0280,6,30.614503375
W0280,7,57.730530828
W0280,8,42.74106431
W0280,9,29.190432133
W0280,10,10.55372308
W0280,11,0
W0280,12,0
W0281,1,0
W0281,2,0
W0281,3,0
W0281,4,0
W0281,5,2.967004358
W0281,6,7.063953601
W0281,7,13.463189206
W0281,8,10.088496191
W0281,9,6.883768085
W0281,10,2.493071026
W0281,11,0
W0281,12,0
W0282,1,0
W0282,2,0
W0282,3,0
W0282,4,0
W0282,5,11.389541608
W0282,6,27.76598235
W0282,7,52.358276956
W0282,8,38.763734023
W0282,9,26.474021917
W0282,10,9.571787726
W0282,11,0
W0282,12,0
W0283,1,0
W0283,2,0
W0283,3,0
W0283,4,0
W0283,5,0.540935089
W0283,6,1.317701221
W0283,7,2.405628055
W0283,8,1.83970926
W0283,9,1.255241956
W0283,10,0.454627741
W0283,11,0
W0283,12,0
W0284,1,0
W0284,2,0
W0284,3,0
W0284,4,0
W0284,5,2.262161016
W0284,6,5.511178419
W0284,7,10.060484157
W0284,8,7.692331661
W0284,9,5.248849506
W0284,10,1.90027582
W0284,11,0
W0284,12,0
W0285,1,0
W0285,2,0
W0285,3,0
W0285,4,0
W0285,5,1.516435246
W0285,6,3.694181619
W0285,7,6.743329374
W0285,8,5.156106961
W0285,9,3.518160054
W0285,10,1.273790465
W0285,11,0
W0285,12,0
W0286,1,0
W0286,2,0
W0286,3,0
W0286,4,0
W0286,5,1.516435246
W0286,6,3.694181619
W0286,7,6.743329374
W0286,8,5.156106961
W0286,9,3.518160054
W0286,10,1.273790465
W0286,11,0
W0286,12,0
W0287,1,0
W0287,2,0
W0287,3,0
W0287,4,0
W0287,5,1.516435246
W0287,6,3.694181619
W0287,7,6.743329374
W0287,8,5.156106961
W0287,9,3.518160054
W0287,10,1.273790465
W0287,11,0
W0287,12,0
W0288,1,0
W0288,2,0
W0288,3,0
W0288,4,0
W0288,5,1.516435246
W0288,6,3.694181619
W0288,7,6.743329374
W0288,8,5.156106961
W0288,9,3.518160054
W0288,10,1.273790465
W0288,11,0
W0288,12,0
W0289,1,0
W0289,2,0
W0289,3,0
W0289,4,0
W0289,5,2.549095094
W0289,6,6.068769312
W0289,7,11.566320255
W0289,8,8.667074736
W0289,9,5.913946043
W0289,10,2.141784978
W0289,11,0
W0289,12,0
W0290,1,0
W0290,2,0
W0290,3,0
W0290,4,0
W0290,5,4.057202438
W0290,6,10.21303618
W0290,7,19.269629605
W0290,8,14.266074667
W0290,9,9.432106097
W0290,10,3.409140246
W0290,11,0
W0290,12,0
W0291,1,0
W0291,2,0
W0291,3,0
W0291,4,0
W0291,5,5.270426343
W0291,6,12.547119986
W0291,7,25.086290611
W0291,8,18.531474655
W0291,9,12.252236547
W0291,10,4.428172618
W0291,11,0
W0291,12,0
W0292,1,0
W0292,2,0
W0292,3,0
W0292,4,0
W0292,5,0.344093769
W0292,6,0.838846856
W0292,7,1.020546536
W0292,8,1.756051699
W0292,9,0.79872151
W0292,10,0.289205324
W0292,11,0
W0292,12,0
W0293,1,0
W0293,2,0
W0293,3,0
W0293,4,0
W0293,5,0.09842066
W0293,6,0.239616453
W0293,7,0.437593396
W0293,8,0.334630244
W0293,9,0.228260223
W0293,10,0.082521938
W0293,11,0
W0293,12,0
W0294,1,0
W0294,2,0
W0294,3,0
W0294,4,0
W0294,5,0.09842066
W0294,6,0.239616453
W0294,7,0.29147657
W0294,8,0.501566825
W0294,9,0.228260223
W0294,10,0.082521938
W0294,11,0
W0294,12,0
W0295,1,0
W0295,2,0
W0295,3,0
W0295,4,0
W0295,5,3.934555154
W0295,6,9.903389642
W0295,7,18.685540842
W0295,8,13.833780845
W0295,9,9.146307642
W0295,10,3.305798553
W0295,11,0
W0295,12,0
W0296,1,0
W0296,2,0
W0296,3,0
W0296,4,0
W0296,5,6.229270696
W0296,6,15.680682384
W0296,7,29.585628937
W0296,8,21.903517883
W0296,9,14.481843037
W0296,10,5.234086407
W0296,11,0
W0296,12,0
W0297,1,0
W0297,2,0
W0297,3,0
W0297,4,0
W0297,5,0.344093769
W0297,6,0.838846856
W0297,7,1.020546536
W0297,8,1.756051699
W0297,9,0.79872151
W0297,10,0.289205324
W0297,11,0
W0297,12,0
W0298,1,0
W0298,2,0
W0298,3,0
W0298,4,0
W0298,5,0.344093769
W0298,6,0.838846856
W0298,7,1.020546536
W0298,8,1.756051699
W0298,9,0.79872151
W0298,10,0.289205324
W0298,11,0
W0298,12,0
W0299,1,0
W0299,2,0
W0299,3,0
W0299,4,0
W0299,5,5.270426343
W0299,6,12.547119986
W0299,7,25.086290611
W0299,8,18.531474655
W0299,9,12.252236547
W0299,10,4.428172618
W0299,11,0
W0299,12,0
W0300,1,0
W0300,2,0
W0300,3,0
W0300,4,0
W0300,5,20.678559207
W0300,6,50.411819134
W0300,7,95.062622789
W0300,8,70.379856884
W0300,9,48.066757639
W0300,10,17.37881731
W0300,11,0
W0300,12,0
W0301,1,0
W0301,2,0
W0301,3,0
W0301,4,0
W0301,5,1.327921828
W0301,6,3.235011386
W0301,7,3.9368264
W0301,8,6.772855572
W0301,9,3.080566658
W0301,10,1.115560327
W0301,11,0
W0301,12,0
W0302,1,0
W0302,2,0
W0302,3,0
W0302,4,0
W0302,5,0.737776409
W0302,6,1.797312668
W0302,7,2.187209898
W0302,8,3.76269754
W0302,9,1.711383861
W0302,10,0.619671617
W0302,11,0
W0302,12,0
W0303,1,0
W0303,2,0
W0303,3,0
W0303,4,0
W0303,5,8.417994758
W0303,6,20.03996054
W0303,7,38.195165441
W0303,8,28.621106469
W0303,9,19.529687272
W0303,10,7.073038585
W0303,11,0
W0303,12,0
W0304,1,0
W0304,2,0
W0304,3,0
W0304,4,0
W0304,5,6.885282249
W0304,6,16.391203841
W0304,7,32.772187075
W0304,8,24.209211114
W0304,9,16.006227644
W0304,10,5.785242103
W0304,11,0
W0304,12,0
W0305,1,0
W0305,2,0
W0305,3,0
W0305,4,0
W0305,5,0.434565068
W0305,6,1.058400636
W0305,7,1.287796482
W0305,8,2.215979014
W0305,9,1.007676142
W0305,10,0.364913524
W0305,11,0
W0305,12,0
W0306,1,0
W0306,2,0
W0306,3,0
W0306,4,0
W0306,5,6.753928522
W0306,6,16.078907516
W0306,7,32.147594425
W0306,8,23.748148176
W0306,9,15.701123598
W0306,10,5.674708131
W0306,11,0
W0306,12,0
W0307,1,0
W0307,2,0
W0307,3,0
W0307,4,0
W0307,5,6.753928522
W0307,6,16.078907516
W0307,7,32.147594425
W0307,8,23.748148176
W0307,9,15.701123598
W0307,10,5.674708131
W0307,11,0
W0307,12,0
W0308,1,0
W0308,2,0
W0308,3,0
W0308,4,0
W0308,5,0.368698934
W0308,6,0.898656334
W0308,7,1.093604949
W0308,8,1.88134877
W0308,9,0.855881201
W0308,10,0.310025079
W0308,11,0
W0308,12,0
W0309,1,0
W0309,2,0
W0309,3,0
W0309,4,0
W0309,5,1.278711498
W0309,6,3.11539243
W0309,7,3.791088115
W0309,8,6.521882889
W0309,9,2.966625817
W0309,10,1.074299358
W0309,11,0
W0309,12,0
W0310,1,0
W0310,2,0
W0310,3,0
W0310,4,0
W0310,5,7.114678095
W0310,6,17.90877471
W0310,7,33.789705283
W0310,8,25.016260526
W0310,9,16.539591913
W0310,10,5.977919472
W0310,11,0
W0310,12,0
W0311,1,0
W0311,2,0
W0311,3,0
W0311,4,0
W0311,5,6.885282249
W0311,6,16.391203841
W0311,7,32.772187075
W0311,8,24.209211114
W0311,9,16.006227644
W0311,10,5.785242103
W0311,11,0
W0311,12,0
W0312,1,0
W0312,2,0
W0312,3,0
W0312,4,0
W0312,5,6.885282249
W0312,6,17.331121144
W0312,7,32.699885744
W0312,8,24.209211114
W0312,9,16.006227644
W0312,10,5.785242103
W0312,11,0
W0312,12,0
W0313,1,0
W0313,2,0
W0313,3,0
W0313,4,0
W0313,5,4.090135505
W0313,6,9.737210143
W0313,7,19.467985089
W0313,8,14.381529672
W0313,9,9.508571379
W0313,10,3.436773739
W0313,11,0
W0313,12,0
W0314,1,0
W0314,2,0
W0314,3,0
W0314,4,0
W0314,5,2.254211655
W0314,6,5.366197216
W0314,7,10.227420738
W0314,8,7.663941086
W0314,9,5.229543915
W0314,10,1.893840623
W0314,11,0
W0314,12,0
W0315,1,0
W0315,2,0
W0315,3,0
W0315,4,0
W0315,5,1.614855906
W0315,6,3.933798072
W0315,7,7.18092277
W0315,8,5.490358664
W0315,9,3.746420277
W0315,10,1.356312403
W0315,11,0
W0315,12,0
W0316,1,0
W0316,2,0
W0316,3,0
W0316,4,0
W0316,5,4.229438593
W0316,6,10.646087084
W0316,7,20.086899624
W0316,8,14.871361726
W0316,9,9.832223934
W0316,10,3.553742908
W0316,11,0
W0316,12,0
W0317,1,0
W0317,2,0
W0317,3,0
W0317,4,0
W0317,5,4.229438593
W0317,6,10.646087084
W0317,7,20.086899624
W0317,8,14.871361726
W0317,9,9.832223934
W0317,10,3.553742908
W0317,11,0
W0317,12,0
W0318,1,0
W0318,2,0
W0318,3,0
W0318,4,0
W0318,5,4.090135505
W0318,6,10.295558118
W0318,7,19.425209956
W0318,8,14.381529672
W0318,9,9.508571379
W0318,10,3.436773739
W0318,11,0
W0318,12,0
W0319,1,0
W0319,2,0
W0319,3,0
W0319,4,0
W0319,5,8.147337943
W0319,6,19.61978003
W0319,7,37.08187636
W0319,8,27.701251839
W0319,9,18.902066294
W0319,10,6.845535444
W0319,11,0
W0319,12,0
W0320,1,0
W0320,2,0
W0320,3,0
W0320,4,0
W0320,5,1.058022095
W0320,6,2.54758093
W0320,7,4.81504152
W0320,8,3.597275123
W0320,9,2.454459844
W0320,10,0.888814268
W0320,11,0
W0320,12,0
W0321,1,0
W0321,2,0
W0321,3,0
W0321,4,0
W0321,5,1.058022095
W0321,6,2.54758093
W0321,7,4.81504152
W0321,8,3.597275123
W0321,9,2.454459844
W0321,10,0.888814268
W0321,11,0
W0321,12,0
W0322,1,0
W0322,2,0
W0322,3,0
W0322,4,0
W0322,5,1.058022095
W0322,6,2.54758093
W0322,7,4.81504152
W0322,8,3.597275123
W0322,9,2.454459844
W0322,10,0.888814268
W0322,11,0
W0322,12,0
W0323,1,0
W0323,2,0
W0323,3,0
W0323,4,0
W0323,5,1.293096056
W0323,6,3.149839661
W0323,7,5.75003779
W0323,8,4.396375174
W0323,9,2.999937425
W0323,10,1.08641267
W0323,11,0
W0323,12,0
W0324,1,0
W0324,2,0
W0324,3,0
W0324,4,0
W0324,5,1.410822307
W0324,6,3.397026934
W0324,7,6.420433901
W0324,8,4.79611447
W0324,9,3.272865486
W0324,10,1.18483333
W0324,11,0
W0324,12,0
W0325,1,0
W0325,2,0
W0325,3,0
W0325,4,0
W0325,5,1.410822307
W0325,6,3.397026934
W0325,7,6.420433901
W0325,8,4.79611447
W0325,9,3.272865486
W0325,10,1.18483333
W0325,11,0
W0325,12,0
W0326,1,0
W0326,2,0
W0326,3,0
W0326,4,0
W0326,5,2.351118151
W0326,6,5.661459196
W0326,7,10.700596988
W0326,8,7.993650297
W0326,9,5.454397269
W0326,10,1.974848397
W0326,11,0
W0326,12,0
W0327,1,0
W0327,2,0
W0327,3,0
W0327,4,0
W0327,5,2.351118151
W0327,6,5.661459196
W0327,7,10.700596988
W0327,8,7.993650297
W0327,9,5.454397269
W0327,10,1.974848397
W0327,11,0
W0327,12,0
W0328,1,0
W0328,2,0
W0328,3,0
W0328,4,0
W0328,5,2.351118151
W0328,6,5.661459196
W0328,7,10.700596988
W0328,8,7.993650297
W0328,9,5.454397269
W0328,10,1.974848397
W0328,11,0
W0328,12,0
W0329,1,0
W0329,2,0
W0329,3,0
W0329,4,0
W0329,5,3.409140246
W0329,6,8.113647794
W0329,7,15.467942342
W0329,8,11.590546879
W0329,9,7.908857113
W0329,10,2.863662665
W0329,11,0
W0329,12,0
W0330,1,0
W0330,2,0
W0330,3,0
W0330,4,0
W0330,5,3.644214207
W0330,6,8.877164991
W0330,7,16.204204587
W0330,8,12.390025471
W0330,9,8.454334694
W0330,10,3.061261067
W0330,11,0
W0330,12,0
W0331,1,0
W0331,2,0
W0331,3,0
W0331,4,0
W0331,5,3.644214207
W0331,6,8.877164991
W0331,7,16.204204587
W0331,8,12.390025471
W0331,9,8.454334694
W0331,10,3.061261067
W0331,11,0
W0331,12,0
W0332,1,0
W0332,2,0
W0332,3,0.105612939
W0332,4,0.310782161
W0332,5,0.555319647
W0332,6,1.143950902
W0332,7,1.454733063
W0332,8,1.56337433
W0332,9,1.369939879
W0332,10,0.891464055
W0332,11,0.169586368
W0332,12,0
W0333,1,0
W0333,2,0
W0333,3,0.105612939
W0333,4,0.310782161
W0333,5,0.555319647
W0333,6,1.143950902
W0333,7,1.454733063
W0333,8,1.56337433
W0333,9,1.369939879
W0333,10,0.891464055
W0333,11,0.169586368
W0333,12,0
W0334,1,0
W0334,2,0
W0334,3,5.1230603317
W0334,4,10.3646797046
W0334,5,2.3676603927
W0334,6,0
W0334,7,0
W0334,8,0
W0334,9,0
W0334,10,0
W0334,11,0
W0334,12,0
W0335,1,0
W0335,2,0
W0335,3,25.6153016585
W0335,4,51.823398523
W0335,5,11.8383019635
W0335,6,0
W0335,7,0
W0335,8,0
W0335,9,0
W0335,10,0
W0335,11,0
W0335,12,0
W0336,1,0
W0336,2,0
W0336,3,5.1230603317
W0336,4,10.3646797046
W0336,5,2.3676603927
W0336,6,0
W0336,7,0
W0336,8,0
W0336,9,0
W0336,10,0
W0336,11,0
W0336,12,0
W0337,1,0
W0337,2,0
W0337,3,15.3691809951
W0337,4,31.0940391138
W0337,5,7.1029811781
W0337,6,0
W0337,7,0
W0337,8,0
W0337,9,0
W0337,10,0
W0337,11,0
W0337,12,0
W0338,1,0
W0338,2,0
W0338,3,5.1230603317
W0338,4,10.3646797046
W0338,5,2.3676603927
W0338,6,0
W0338,7,0
W0338,8,0
W0338,9,0
W0338,10,0
W0338,11,0
W0338,12,0
W0339,1,0
W0339,2,0
W0339,3,5.1230603317
W0339,4,10.3646797046
W0339,5,2.3676603927
W0339,6,0
W0339,7,0
W0339,8,0
W0339,9,0
W0339,10,0
W0339,11,0
W0339,12,0
W0340,1,0
W0340,2,0
W0340,3,35.8614223219
W0340,4,72.5527579322
W0340,5,16.5736227489
W0340,6,0
W0340,7,0
W0340,8,0
W0340,9,0
W0340,10,0
W0340,11,0
W0340,12,0
W0341,1,0
W0341,2,0
W0341,3,35.8614223219
W0341,4,72.5527579322
W0341,5,16.5736227489
W0341,6,0
W0341,7,0
W0341,8,0
W0341,9,0
W0341,10,0
W0341,11,0
W0341,12,0
W0342,1,0
W0342,2,0
W0342,3,15.3691809951
W0342,4,31.0940391138
W0342,5,7.1029811781
W0342,6,0
W0342,7,0
W0342,8,0
W0342,9,0
W0342,10,0
W0342,11,0
W0342,12,0
W0343,1,0
W0343,2,0
W0343,3,15.3691809951
W0343,4,31.0940391138
W0343,5,7.1029811781
W0343,6,0
W0343,7,0
W0343,8,0
W0343,9,0
W0343,10,0
W0343,11,0
W0343,12,0
